# Blender 4.5.3 LTS
# www.blender.org
mtllib Münze .mtl
o DC_Coin_Core
v 0.000000 -0.060000 -0.750000
v 0.000000 0.060000 -0.750000
v 0.036801 -0.060000 -0.749097
v 0.036801 0.060000 -0.749097
v 0.073513 -0.060000 -0.746389
v 0.073513 0.060000 -0.746389
v 0.110048 -0.060000 -0.741882
v 0.110048 0.060000 -0.741882
v 0.146318 -0.060000 -0.735589
v 0.146318 0.060000 -0.735589
v 0.182235 -0.060000 -0.727523
v 0.182235 0.060000 -0.727523
v 0.217714 -0.060000 -0.717705
v 0.217714 0.060000 -0.717705
v 0.252667 -0.060000 -0.706158
v 0.252667 0.060000 -0.706158
v 0.287013 -0.060000 -0.692910
v 0.287013 0.060000 -0.692910
v 0.320666 -0.060000 -0.677992
v 0.320666 0.060000 -0.677992
v 0.353548 -0.060000 -0.661441
v 0.353548 0.060000 -0.661441
v 0.385577 -0.060000 -0.643296
v 0.385577 0.060000 -0.643296
v 0.416678 -0.060000 -0.623602
v 0.416678 0.060000 -0.623602
v 0.446774 -0.060000 -0.602406
v 0.446774 0.060000 -0.602406
v 0.475795 -0.060000 -0.579758
v 0.475795 0.060000 -0.579758
v 0.503669 -0.060000 -0.555713
v 0.503669 0.060000 -0.555713
v 0.530330 -0.060000 -0.530330
v 0.530330 0.060000 -0.530330
v 0.555713 -0.060000 -0.503669
v 0.555713 0.060000 -0.503669
v 0.579758 -0.060000 -0.475795
v 0.579758 0.060000 -0.475795
v 0.602406 -0.060000 -0.446774
v 0.602406 0.060000 -0.446774
v 0.623602 -0.060000 -0.416678
v 0.623602 0.060000 -0.416678
v 0.643296 -0.060000 -0.385577
v 0.643296 0.060000 -0.385577
v 0.661441 -0.060000 -0.353548
v 0.661441 0.060000 -0.353548
v 0.677992 -0.060000 -0.320666
v 0.677992 0.060000 -0.320666
v 0.692910 -0.060000 -0.287013
v 0.692910 0.060000 -0.287013
v 0.706158 -0.060000 -0.252667
v 0.706158 0.060000 -0.252667
v 0.717705 -0.060000 -0.217714
v 0.717705 0.060000 -0.217714
v 0.727523 -0.060000 -0.182235
v 0.727523 0.060000 -0.182235
v 0.735589 -0.060000 -0.146318
v 0.735589 0.060000 -0.146318
v 0.741882 -0.060000 -0.110048
v 0.741882 0.060000 -0.110048
v 0.746389 -0.060000 -0.073513
v 0.746389 0.060000 -0.073513
v 0.749097 -0.060000 -0.036801
v 0.749097 0.060000 -0.036801
v 0.750000 -0.060000 0.000000
v 0.750000 0.060000 0.000000
v 0.749097 -0.060000 0.036801
v 0.749097 0.060000 0.036801
v 0.746389 -0.060000 0.073513
v 0.746389 0.060000 0.073513
v 0.741882 -0.060000 0.110048
v 0.741882 0.060000 0.110048
v 0.735589 -0.060000 0.146318
v 0.735589 0.060000 0.146318
v 0.727523 -0.060000 0.182235
v 0.727523 0.060000 0.182235
v 0.717705 -0.060000 0.217714
v 0.717705 0.060000 0.217714
v 0.706158 -0.060000 0.252667
v 0.706158 0.060000 0.252667
v 0.692910 -0.060000 0.287013
v 0.692910 0.060000 0.287013
v 0.677992 -0.060000 0.320666
v 0.677992 0.060000 0.320666
v 0.661441 -0.060000 0.353548
v 0.661441 0.060000 0.353548
v 0.643296 -0.060000 0.385577
v 0.643296 0.060000 0.385577
v 0.623602 -0.060000 0.416678
v 0.623602 0.060000 0.416678
v 0.602406 -0.060000 0.446774
v 0.602406 0.060000 0.446774
v 0.579758 -0.060000 0.475795
v 0.579758 0.060000 0.475795
v 0.555713 -0.060000 0.503669
v 0.555713 0.060000 0.503669
v 0.530330 -0.060000 0.530330
v 0.530330 0.060000 0.530330
v 0.503669 -0.060000 0.555713
v 0.503669 0.060000 0.555713
v 0.475795 -0.060000 0.579758
v 0.475795 0.060000 0.579758
v 0.446774 -0.060000 0.602406
v 0.446774 0.060000 0.602406
v 0.416678 -0.060000 0.623602
v 0.416678 0.060000 0.623602
v 0.385577 -0.060000 0.643296
v 0.385577 0.060000 0.643296
v 0.353548 -0.060000 0.661441
v 0.353548 0.060000 0.661441
v 0.320666 -0.060000 0.677992
v 0.320666 0.060000 0.677992
v 0.287013 -0.060000 0.692910
v 0.287013 0.060000 0.692910
v 0.252667 -0.060000 0.706158
v 0.252667 0.060000 0.706158
v 0.217714 -0.060000 0.717705
v 0.217714 0.060000 0.717705
v 0.182235 -0.060000 0.727523
v 0.182235 0.060000 0.727523
v 0.146318 -0.060000 0.735589
v 0.146318 0.060000 0.735589
v 0.110048 -0.060000 0.741882
v 0.110048 0.060000 0.741882
v 0.073513 -0.060000 0.746389
v 0.073513 0.060000 0.746389
v 0.036801 -0.060000 0.749097
v 0.036801 0.060000 0.749097
v 0.000000 -0.060000 0.750000
v 0.000000 0.060000 0.750000
v -0.036801 -0.060000 0.749097
v -0.036801 0.060000 0.749097
v -0.073513 -0.060000 0.746389
v -0.073513 0.060000 0.746389
v -0.110048 -0.060000 0.741882
v -0.110048 0.060000 0.741882
v -0.146318 -0.060000 0.735589
v -0.146318 0.060000 0.735589
v -0.182235 -0.060000 0.727523
v -0.182235 0.060000 0.727523
v -0.217714 -0.060000 0.717705
v -0.217714 0.060000 0.717705
v -0.252667 -0.060000 0.706158
v -0.252667 0.060000 0.706158
v -0.287013 -0.060000 0.692910
v -0.287013 0.060000 0.692910
v -0.320666 -0.060000 0.677992
v -0.320666 0.060000 0.677992
v -0.353548 -0.060000 0.661441
v -0.353548 0.060000 0.661441
v -0.385577 -0.060000 0.643296
v -0.385577 0.060000 0.643296
v -0.416678 -0.060000 0.623602
v -0.416678 0.060000 0.623602
v -0.446774 -0.060000 0.602406
v -0.446774 0.060000 0.602406
v -0.475795 -0.060000 0.579758
v -0.475795 0.060000 0.579758
v -0.503669 -0.060000 0.555713
v -0.503669 0.060000 0.555713
v -0.530330 -0.060000 0.530330
v -0.530330 0.060000 0.530330
v -0.555713 -0.060000 0.503669
v -0.555713 0.060000 0.503669
v -0.579758 -0.060000 0.475795
v -0.579758 0.060000 0.475795
v -0.602406 -0.060000 0.446774
v -0.602406 0.060000 0.446774
v -0.623602 -0.060000 0.416678
v -0.623602 0.060000 0.416678
v -0.643296 -0.060000 0.385577
v -0.643296 0.060000 0.385577
v -0.661441 -0.060000 0.353548
v -0.661441 0.060000 0.353548
v -0.677992 -0.060000 0.320666
v -0.677992 0.060000 0.320666
v -0.692910 -0.060000 0.287013
v -0.692910 0.060000 0.287013
v -0.706158 -0.060000 0.252667
v -0.706158 0.060000 0.252667
v -0.717705 -0.060000 0.217714
v -0.717705 0.060000 0.217714
v -0.727523 -0.060000 0.182235
v -0.727523 0.060000 0.182235
v -0.735589 -0.060000 0.146318
v -0.735589 0.060000 0.146318
v -0.741882 -0.060000 0.110048
v -0.741882 0.060000 0.110048
v -0.746389 -0.060000 0.073513
v -0.746389 0.060000 0.073513
v -0.749097 -0.060000 0.036801
v -0.749097 0.060000 0.036801
v -0.750000 -0.060000 0.000000
v -0.750000 0.060000 0.000000
v -0.749097 -0.060000 -0.036801
v -0.749097 0.060000 -0.036801
v -0.746389 -0.060000 -0.073513
v -0.746389 0.060000 -0.073513
v -0.741882 -0.060000 -0.110048
v -0.741882 0.060000 -0.110048
v -0.735589 -0.060000 -0.146318
v -0.735589 0.060000 -0.146318
v -0.727523 -0.060000 -0.182235
v -0.727523 0.060000 -0.182235
v -0.717705 -0.060000 -0.217714
v -0.717705 0.060000 -0.217714
v -0.706158 -0.060000 -0.252667
v -0.706158 0.060000 -0.252667
v -0.692910 -0.060000 -0.287013
v -0.692910 0.060000 -0.287013
v -0.677992 -0.060000 -0.320666
v -0.677992 0.060000 -0.320666
v -0.661441 -0.060000 -0.353548
v -0.661441 0.060000 -0.353548
v -0.643296 -0.060000 -0.385577
v -0.643296 0.060000 -0.385577
v -0.623602 -0.060000 -0.416678
v -0.623602 0.060000 -0.416678
v -0.602406 -0.060000 -0.446774
v -0.602406 0.060000 -0.446774
v -0.579758 -0.060000 -0.475795
v -0.579758 0.060000 -0.475795
v -0.555713 -0.060000 -0.503669
v -0.555713 0.060000 -0.503669
v -0.530330 -0.060000 -0.530330
v -0.530330 0.060000 -0.530330
v -0.503669 -0.060000 -0.555713
v -0.503669 0.060000 -0.555713
v -0.475795 -0.060000 -0.579758
v -0.475795 0.060000 -0.579758
v -0.446774 -0.060000 -0.602406
v -0.446774 0.060000 -0.602406
v -0.416678 -0.060000 -0.623602
v -0.416678 0.060000 -0.623602
v -0.385577 -0.060000 -0.643296
v -0.385577 0.060000 -0.643296
v -0.353548 -0.060000 -0.661441
v -0.353548 0.060000 -0.661441
v -0.320666 -0.060000 -0.677992
v -0.320666 0.060000 -0.677992
v -0.287013 -0.060000 -0.692910
v -0.287013 0.060000 -0.692910
v -0.252667 -0.060000 -0.706158
v -0.252667 0.060000 -0.706158
v -0.217714 -0.060000 -0.717705
v -0.217714 0.060000 -0.717705
v -0.182235 -0.060000 -0.727523
v -0.182235 0.060000 -0.727523
v -0.146318 -0.060000 -0.735589
v -0.146318 0.060000 -0.735589
v -0.110048 -0.060000 -0.741882
v -0.110048 0.060000 -0.741882
v -0.073513 -0.060000 -0.746389
v -0.073513 0.060000 -0.746389
v -0.036801 -0.060000 -0.749097
v -0.036801 0.060000 -0.749097
vn 0.0245 -0.0000 -0.9997
vn 0.0736 -0.0000 -0.9973
vn 0.1224 -0.0000 -0.9925
vn 0.1710 -0.0000 -0.9853
vn 0.2191 -0.0000 -0.9757
vn 0.2667 -0.0000 -0.9638
vn 0.3137 -0.0000 -0.9495
vn 0.3599 -0.0000 -0.9330
vn 0.4052 -0.0000 -0.9142
vn 0.4496 -0.0000 -0.8932
vn 0.4929 -0.0000 -0.8701
vn 0.5350 -0.0000 -0.8449
vn 0.5758 -0.0000 -0.8176
vn 0.6152 -0.0000 -0.7883
vn 0.6532 -0.0000 -0.7572
vn 0.6895 -0.0000 -0.7242
vn 0.7242 -0.0000 -0.6895
vn 0.7572 -0.0000 -0.6532
vn 0.7883 -0.0000 -0.6152
vn 0.8176 -0.0000 -0.5758
vn 0.8449 -0.0000 -0.5350
vn 0.8701 -0.0000 -0.4929
vn 0.8932 -0.0000 -0.4496
vn 0.9142 -0.0000 -0.4052
vn 0.9330 -0.0000 -0.3599
vn 0.9495 -0.0000 -0.3137
vn 0.9638 -0.0000 -0.2667
vn 0.9757 -0.0000 -0.2191
vn 0.9853 -0.0000 -0.1710
vn 0.9925 -0.0000 -0.1224
vn 0.9973 -0.0000 -0.0736
vn 0.9997 -0.0000 -0.0245
vn 0.9997 -0.0000 0.0245
vn 0.9973 -0.0000 0.0736
vn 0.9925 -0.0000 0.1224
vn 0.9853 -0.0000 0.1710
vn 0.9757 -0.0000 0.2191
vn 0.9638 -0.0000 0.2667
vn 0.9495 -0.0000 0.3137
vn 0.9330 -0.0000 0.3599
vn 0.9142 -0.0000 0.4052
vn 0.8932 -0.0000 0.4496
vn 0.8701 -0.0000 0.4929
vn 0.8449 -0.0000 0.5350
vn 0.8176 -0.0000 0.5758
vn 0.7883 -0.0000 0.6152
vn 0.7572 -0.0000 0.6532
vn 0.7242 -0.0000 0.6895
vn 0.6895 -0.0000 0.7242
vn 0.6532 -0.0000 0.7572
vn 0.6152 -0.0000 0.7883
vn 0.5758 -0.0000 0.8176
vn 0.5350 -0.0000 0.8449
vn 0.4929 -0.0000 0.8701
vn 0.4496 -0.0000 0.8932
vn 0.4052 -0.0000 0.9142
vn 0.3599 -0.0000 0.9330
vn 0.3137 -0.0000 0.9495
vn 0.2667 -0.0000 0.9638
vn 0.2191 -0.0000 0.9757
vn 0.1710 -0.0000 0.9853
vn 0.1224 -0.0000 0.9925
vn 0.0736 -0.0000 0.9973
vn 0.0245 -0.0000 0.9997
vn -0.0245 -0.0000 0.9997
vn -0.0736 -0.0000 0.9973
vn -0.1224 -0.0000 0.9925
vn -0.1710 -0.0000 0.9853
vn -0.2191 -0.0000 0.9757
vn -0.2667 -0.0000 0.9638
vn -0.3137 -0.0000 0.9495
vn -0.3599 -0.0000 0.9330
vn -0.4052 -0.0000 0.9142
vn -0.4496 -0.0000 0.8932
vn -0.4929 -0.0000 0.8701
vn -0.5350 -0.0000 0.8449
vn -0.5758 -0.0000 0.8176
vn -0.6152 -0.0000 0.7883
vn -0.6532 -0.0000 0.7572
vn -0.6895 -0.0000 0.7242
vn -0.7242 -0.0000 0.6895
vn -0.7572 -0.0000 0.6532
vn -0.7883 -0.0000 0.6152
vn -0.8176 -0.0000 0.5758
vn -0.8449 -0.0000 0.5350
vn -0.8701 -0.0000 0.4929
vn -0.8932 -0.0000 0.4496
vn -0.9142 -0.0000 0.4052
vn -0.9330 -0.0000 0.3599
vn -0.9495 -0.0000 0.3137
vn -0.9638 -0.0000 0.2667
vn -0.9757 -0.0000 0.2191
vn -0.9853 -0.0000 0.1710
vn -0.9925 -0.0000 0.1224
vn -0.9973 -0.0000 0.0736
vn -0.9997 -0.0000 0.0245
vn -0.9997 -0.0000 -0.0245
vn -0.9973 -0.0000 -0.0736
vn -0.9925 -0.0000 -0.1224
vn -0.9853 -0.0000 -0.1710
vn -0.9757 -0.0000 -0.2191
vn -0.9638 -0.0000 -0.2667
vn -0.9495 -0.0000 -0.3137
vn -0.9330 -0.0000 -0.3599
vn -0.9142 -0.0000 -0.4052
vn -0.8932 -0.0000 -0.4496
vn -0.8701 -0.0000 -0.4929
vn -0.8449 -0.0000 -0.5350
vn -0.8176 -0.0000 -0.5758
vn -0.7883 -0.0000 -0.6152
vn -0.7572 -0.0000 -0.6532
vn -0.7242 -0.0000 -0.6895
vn -0.6895 -0.0000 -0.7242
vn -0.6532 -0.0000 -0.7572
vn -0.6152 -0.0000 -0.7883
vn -0.5758 -0.0000 -0.8176
vn -0.5350 -0.0000 -0.8449
vn -0.4929 -0.0000 -0.8701
vn -0.4496 -0.0000 -0.8932
vn -0.4052 -0.0000 -0.9142
vn -0.3599 -0.0000 -0.9330
vn -0.3137 -0.0000 -0.9495
vn -0.2667 -0.0000 -0.9638
vn -0.2191 -0.0000 -0.9757
vn -0.1710 -0.0000 -0.9853
vn -0.1224 -0.0000 -0.9925
vn -0.0000 1.0000 -0.0000
vn -0.0736 -0.0000 -0.9973
vn -0.0245 -0.0000 -0.9997
vn -0.0000 -1.0000 -0.0000
vt 1.000000 0.500000
vt 1.000000 1.000000
vt 0.992188 1.000000
vt 0.992188 0.500000
vt 0.984375 1.000000
vt 0.984375 0.500000
vt 0.976562 1.000000
vt 0.976562 0.500000
vt 0.968750 1.000000
vt 0.968750 0.500000
vt 0.960938 1.000000
vt 0.960938 0.500000
vt 0.953125 1.000000
vt 0.953125 0.500000
vt 0.945312 1.000000
vt 0.945312 0.500000
vt 0.937500 1.000000
vt 0.937500 0.500000
vt 0.929688 1.000000
vt 0.929688 0.500000
vt 0.921875 1.000000
vt 0.921875 0.500000
vt 0.914062 1.000000
vt 0.914062 0.500000
vt 0.906250 1.000000
vt 0.906250 0.500000
vt 0.898438 1.000000
vt 0.898438 0.500000
vt 0.890625 1.000000
vt 0.890625 0.500000
vt 0.882812 1.000000
vt 0.882812 0.500000
vt 0.875000 1.000000
vt 0.875000 0.500000
vt 0.867188 1.000000
vt 0.867188 0.500000
vt 0.859375 1.000000
vt 0.859375 0.500000
vt 0.851562 1.000000
vt 0.851562 0.500000
vt 0.843750 1.000000
vt 0.843750 0.500000
vt 0.835938 1.000000
vt 0.835938 0.500000
vt 0.828125 1.000000
vt 0.828125 0.500000
vt 0.820312 1.000000
vt 0.820312 0.500000
vt 0.812500 1.000000
vt 0.812500 0.500000
vt 0.804688 1.000000
vt 0.804688 0.500000
vt 0.796875 1.000000
vt 0.796875 0.500000
vt 0.789062 1.000000
vt 0.789062 0.500000
vt 0.781250 1.000000
vt 0.781250 0.500000
vt 0.773438 1.000000
vt 0.773438 0.500000
vt 0.765625 1.000000
vt 0.765625 0.500000
vt 0.757812 1.000000
vt 0.757812 0.500000
vt 0.750000 1.000000
vt 0.750000 0.500000
vt 0.742188 1.000000
vt 0.742188 0.500000
vt 0.734375 1.000000
vt 0.734375 0.500000
vt 0.726562 1.000000
vt 0.726562 0.500000
vt 0.718750 1.000000
vt 0.718750 0.500000
vt 0.710938 1.000000
vt 0.710938 0.500000
vt 0.703125 1.000000
vt 0.703125 0.500000
vt 0.695312 1.000000
vt 0.695312 0.500000
vt 0.687500 1.000000
vt 0.687500 0.500000
vt 0.679688 1.000000
vt 0.679688 0.500000
vt 0.671875 1.000000
vt 0.671875 0.500000
vt 0.664062 1.000000
vt 0.664062 0.500000
vt 0.656250 1.000000
vt 0.656250 0.500000
vt 0.648438 1.000000
vt 0.648438 0.500000
vt 0.640625 1.000000
vt 0.640625 0.500000
vt 0.632812 1.000000
vt 0.632812 0.500000
vt 0.625000 1.000000
vt 0.625000 0.500000
vt 0.617188 1.000000
vt 0.617188 0.500000
vt 0.609375 1.000000
vt 0.609375 0.500000
vt 0.601562 1.000000
vt 0.601562 0.500000
vt 0.593750 1.000000
vt 0.593750 0.500000
vt 0.585938 1.000000
vt 0.585938 0.500000
vt 0.578125 1.000000
vt 0.578125 0.500000
vt 0.570312 1.000000
vt 0.570312 0.500000
vt 0.562500 1.000000
vt 0.562500 0.500000
vt 0.554688 1.000000
vt 0.554688 0.500000
vt 0.546875 1.000000
vt 0.546875 0.500000
vt 0.539062 1.000000
vt 0.539062 0.500000
vt 0.531250 1.000000
vt 0.531250 0.500000
vt 0.523438 1.000000
vt 0.523438 0.500000
vt 0.515625 1.000000
vt 0.515625 0.500000
vt 0.507812 1.000000
vt 0.507812 0.500000
vt 0.500000 1.000000
vt 0.500000 0.500000
vt 0.492188 1.000000
vt 0.492188 0.500000
vt 0.484375 1.000000
vt 0.484375 0.500000
vt 0.476562 1.000000
vt 0.476562 0.500000
vt 0.468750 1.000000
vt 0.468750 0.500000
vt 0.460938 1.000000
vt 0.460938 0.500000
vt 0.453125 1.000000
vt 0.453125 0.500000
vt 0.445312 1.000000
vt 0.445312 0.500000
vt 0.437500 1.000000
vt 0.437500 0.500000
vt 0.429688 1.000000
vt 0.429688 0.500000
vt 0.421875 1.000000
vt 0.421875 0.500000
vt 0.414062 1.000000
vt 0.414062 0.500000
vt 0.406250 1.000000
vt 0.406250 0.500000
vt 0.398438 1.000000
vt 0.398438 0.500000
vt 0.390625 1.000000
vt 0.390625 0.500000
vt 0.382812 1.000000
vt 0.382812 0.500000
vt 0.375000 1.000000
vt 0.375000 0.500000
vt 0.367188 1.000000
vt 0.367188 0.500000
vt 0.359375 1.000000
vt 0.359375 0.500000
vt 0.351562 1.000000
vt 0.351562 0.500000
vt 0.343750 1.000000
vt 0.343750 0.500000
vt 0.335938 1.000000
vt 0.335938 0.500000
vt 0.328125 1.000000
vt 0.328125 0.500000
vt 0.320312 1.000000
vt 0.320312 0.500000
vt 0.312500 1.000000
vt 0.312500 0.500000
vt 0.304688 1.000000
vt 0.304688 0.500000
vt 0.296875 1.000000
vt 0.296875 0.500000
vt 0.289062 1.000000
vt 0.289062 0.500000
vt 0.281250 1.000000
vt 0.281250 0.500000
vt 0.273438 1.000000
vt 0.273438 0.500000
vt 0.265625 1.000000
vt 0.265625 0.500000
vt 0.257812 1.000000
vt 0.257812 0.500000
vt 0.250000 1.000000
vt 0.250000 0.500000
vt 0.242188 1.000000
vt 0.242188 0.500000
vt 0.234375 1.000000
vt 0.234375 0.500000
vt 0.226562 1.000000
vt 0.226562 0.500000
vt 0.218750 1.000000
vt 0.218750 0.500000
vt 0.210938 1.000000
vt 0.210938 0.500000
vt 0.203125 1.000000
vt 0.203125 0.500000
vt 0.195312 1.000000
vt 0.195312 0.500000
vt 0.187500 1.000000
vt 0.187500 0.500000
vt 0.179688 1.000000
vt 0.179688 0.500000
vt 0.171875 1.000000
vt 0.171875 0.500000
vt 0.164062 1.000000
vt 0.164062 0.500000
vt 0.156250 1.000000
vt 0.156250 0.500000
vt 0.148438 1.000000
vt 0.148438 0.500000
vt 0.140625 1.000000
vt 0.140625 0.500000
vt 0.132812 1.000000
vt 0.132812 0.500000
vt 0.125000 1.000000
vt 0.125000 0.500000
vt 0.117188 1.000000
vt 0.117188 0.500000
vt 0.109375 1.000000
vt 0.109375 0.500000
vt 0.101562 1.000000
vt 0.101562 0.500000
vt 0.093750 1.000000
vt 0.093750 0.500000
vt 0.085938 1.000000
vt 0.085938 0.500000
vt 0.078125 1.000000
vt 0.078125 0.500000
vt 0.070312 1.000000
vt 0.070312 0.500000
vt 0.062500 1.000000
vt 0.062500 0.500000
vt 0.054688 1.000000
vt 0.054688 0.500000
vt 0.046875 1.000000
vt 0.046875 0.500000
vt 0.039062 1.000000
vt 0.039062 0.500000
vt 0.031250 1.000000
vt 0.031250 0.500000
vt 0.023438 1.000000
vt 0.023438 0.500000
vt 0.015625 1.000000
vt 0.015625 0.500000
vt 0.261776 0.489711
vt 0.250000 0.490000
vt 0.238224 0.489711
vt 0.226476 0.488844
vt 0.214785 0.487402
vt 0.203178 0.485388
vt 0.191685 0.482808
vt 0.180332 0.479666
vt 0.169146 0.475971
vt 0.158156 0.471731
vt 0.147387 0.466957
vt 0.136865 0.461661
vt 0.126615 0.455855
vt 0.116663 0.449553
vt 0.107032 0.442770
vt 0.097746 0.435522
vt 0.088826 0.427828
vt 0.080294 0.419706
vt 0.072172 0.411174
vt 0.064478 0.402254
vt 0.057230 0.392968
vt 0.050447 0.383337
vt 0.044145 0.373385
vt 0.038339 0.363135
vt 0.033043 0.352613
vt 0.028269 0.341844
vt 0.024029 0.330854
vt 0.020334 0.319668
vt 0.017192 0.308315
vt 0.014612 0.296822
vt 0.012598 0.285215
vt 0.011156 0.273524
vt 0.010289 0.261776
vt 0.010000 0.250000
vt 0.010289 0.238224
vt 0.011156 0.226476
vt 0.012598 0.214785
vt 0.014612 0.203178
vt 0.017192 0.191685
vt 0.020334 0.180332
vt 0.024029 0.169146
vt 0.028269 0.158156
vt 0.033043 0.147387
vt 0.038339 0.136865
vt 0.044145 0.126615
vt 0.050447 0.116663
vt 0.057230 0.107032
vt 0.064478 0.097746
vt 0.072172 0.088826
vt 0.080294 0.080294
vt 0.088826 0.072172
vt 0.097746 0.064478
vt 0.107032 0.057230
vt 0.116663 0.050447
vt 0.126615 0.044145
vt 0.136865 0.038339
vt 0.147387 0.033043
vt 0.158156 0.028269
vt 0.169146 0.024029
vt 0.180332 0.020334
vt 0.191685 0.017192
vt 0.203178 0.014612
vt 0.214785 0.012598
vt 0.226476 0.011156
vt 0.238224 0.010289
vt 0.250000 0.010000
vt 0.261776 0.010289
vt 0.273524 0.011156
vt 0.285215 0.012598
vt 0.296822 0.014612
vt 0.308315 0.017192
vt 0.319668 0.020334
vt 0.330854 0.024029
vt 0.341844 0.028269
vt 0.352613 0.033043
vt 0.363135 0.038339
vt 0.373385 0.044145
vt 0.383337 0.050447
vt 0.392968 0.057230
vt 0.402254 0.064478
vt 0.411174 0.072172
vt 0.419706 0.080294
vt 0.427828 0.088826
vt 0.435522 0.097746
vt 0.442770 0.107032
vt 0.449553 0.116663
vt 0.455855 0.126615
vt 0.461661 0.136865
vt 0.466957 0.147387
vt 0.471731 0.158156
vt 0.475971 0.169146
vt 0.479666 0.180332
vt 0.482808 0.191685
vt 0.485388 0.203178
vt 0.487402 0.214785
vt 0.488844 0.226476
vt 0.489711 0.238224
vt 0.490000 0.250000
vt 0.489711 0.261776
vt 0.488844 0.273524
vt 0.487402 0.285215
vt 0.485388 0.296822
vt 0.482808 0.308315
vt 0.479666 0.319668
vt 0.475971 0.330854
vt 0.471731 0.341844
vt 0.466957 0.352613
vt 0.461661 0.363135
vt 0.455855 0.373385
vt 0.449553 0.383337
vt 0.442770 0.392968
vt 0.435522 0.402254
vt 0.427828 0.411174
vt 0.419706 0.419706
vt 0.411174 0.427828
vt 0.402254 0.435522
vt 0.392968 0.442770
vt 0.383337 0.449553
vt 0.373385 0.455855
vt 0.363135 0.461661
vt 0.352613 0.466957
vt 0.341844 0.471731
vt 0.330854 0.475971
vt 0.319668 0.479666
vt 0.308315 0.482808
vt 0.296822 0.485388
vt 0.285215 0.487402
vt 0.273524 0.488844
vt 0.007812 1.000000
vt 0.007812 0.500000
vt 0.000000 1.000000
vt 0.000000 0.500000
vt 0.750000 0.490000
vt 0.761776 0.489711
vt 0.773524 0.488844
vt 0.785215 0.487402
vt 0.796822 0.485388
vt 0.808315 0.482808
vt 0.819668 0.479666
vt 0.830854 0.475971
vt 0.841844 0.471731
vt 0.852613 0.466957
vt 0.863135 0.461661
vt 0.873385 0.455855
vt 0.883337 0.449553
vt 0.892968 0.442770
vt 0.902254 0.435522
vt 0.911174 0.427828
vt 0.919706 0.419706
vt 0.927828 0.411174
vt 0.935522 0.402254
vt 0.942770 0.392968
vt 0.949553 0.383337
vt 0.955855 0.373385
vt 0.961661 0.363135
vt 0.966957 0.352613
vt 0.971731 0.341844
vt 0.975971 0.330854
vt 0.979666 0.319668
vt 0.982808 0.308315
vt 0.985388 0.296822
vt 0.987402 0.285215
vt 0.988844 0.273524
vt 0.989711 0.261776
vt 0.990000 0.250000
vt 0.989711 0.238224
vt 0.988844 0.226476
vt 0.987402 0.214785
vt 0.985388 0.203178
vt 0.982808 0.191685
vt 0.979666 0.180332
vt 0.975971 0.169146
vt 0.971731 0.158156
vt 0.966957 0.147387
vt 0.961661 0.136865
vt 0.955855 0.126615
vt 0.949553 0.116663
vt 0.942770 0.107032
vt 0.935522 0.097746
vt 0.927828 0.088826
vt 0.919706 0.080294
vt 0.911174 0.072172
vt 0.902254 0.064478
vt 0.892968 0.057230
vt 0.883337 0.050447
vt 0.873385 0.044145
vt 0.863135 0.038339
vt 0.852613 0.033043
vt 0.841844 0.028269
vt 0.830854 0.024029
vt 0.819668 0.020334
vt 0.808315 0.017192
vt 0.796822 0.014612
vt 0.785215 0.012598
vt 0.773524 0.011156
vt 0.761776 0.010289
vt 0.750000 0.010000
vt 0.738224 0.010289
vt 0.726476 0.011156
vt 0.714785 0.012598
vt 0.703178 0.014612
vt 0.691685 0.017192
vt 0.680332 0.020334
vt 0.669146 0.024029
vt 0.658156 0.028269
vt 0.647387 0.033043
vt 0.636865 0.038339
vt 0.626615 0.044145
vt 0.616663 0.050447
vt 0.607032 0.057230
vt 0.597746 0.064478
vt 0.588826 0.072172
vt 0.580294 0.080294
vt 0.572172 0.088826
vt 0.564478 0.097746
vt 0.557230 0.107032
vt 0.550447 0.116663
vt 0.544145 0.126615
vt 0.538339 0.136865
vt 0.533043 0.147387
vt 0.528269 0.158156
vt 0.524029 0.169146
vt 0.520334 0.180332
vt 0.517192 0.191685
vt 0.514612 0.203178
vt 0.512598 0.214785
vt 0.511156 0.226476
vt 0.510289 0.238224
vt 0.510000 0.250000
vt 0.510289 0.261776
vt 0.511156 0.273524
vt 0.512598 0.285215
vt 0.514612 0.296822
vt 0.517192 0.308315
vt 0.520334 0.319668
vt 0.524029 0.330854
vt 0.528269 0.341844
vt 0.533043 0.352613
vt 0.538339 0.363135
vt 0.544145 0.373385
vt 0.550447 0.383337
vt 0.557230 0.392968
vt 0.564478 0.402254
vt 0.572172 0.411174
vt 0.580294 0.419706
vt 0.588826 0.427828
vt 0.597746 0.435522
vt 0.607032 0.442770
vt 0.616663 0.449553
vt 0.626615 0.455855
vt 0.636865 0.461661
vt 0.647387 0.466957
vt 0.658156 0.471731
vt 0.669146 0.475971
vt 0.680332 0.479666
vt 0.691685 0.482808
vt 0.703178 0.485388
vt 0.714785 0.487402
vt 0.726476 0.488844
vt 0.738224 0.489711
s 0
usemtl GoldMaterial
f 1/1/1 2/2/1 4/3/1 3/4/1
f 3/4/2 4/3/2 6/5/2 5/6/2
f 5/6/3 6/5/3 8/7/3 7/8/3
f 7/8/4 8/7/4 10/9/4 9/10/4
f 9/10/5 10/9/5 12/11/5 11/12/5
f 11/12/6 12/11/6 14/13/6 13/14/6
f 13/14/7 14/13/7 16/15/7 15/16/7
f 15/16/8 16/15/8 18/17/8 17/18/8
f 17/18/9 18/17/9 20/19/9 19/20/9
f 19/20/10 20/19/10 22/21/10 21/22/10
f 21/22/11 22/21/11 24/23/11 23/24/11
f 23/24/12 24/23/12 26/25/12 25/26/12
f 25/26/13 26/25/13 28/27/13 27/28/13
f 27/28/14 28/27/14 30/29/14 29/30/14
f 29/30/15 30/29/15 32/31/15 31/32/15
f 31/32/16 32/31/16 34/33/16 33/34/16
f 33/34/17 34/33/17 36/35/17 35/36/17
f 35/36/18 36/35/18 38/37/18 37/38/18
f 37/38/19 38/37/19 40/39/19 39/40/19
f 39/40/20 40/39/20 42/41/20 41/42/20
f 41/42/21 42/41/21 44/43/21 43/44/21
f 43/44/22 44/43/22 46/45/22 45/46/22
f 45/46/23 46/45/23 48/47/23 47/48/23
f 47/48/24 48/47/24 50/49/24 49/50/24
f 49/50/25 50/49/25 52/51/25 51/52/25
f 51/52/26 52/51/26 54/53/26 53/54/26
f 53/54/27 54/53/27 56/55/27 55/56/27
f 55/56/28 56/55/28 58/57/28 57/58/28
f 57/58/29 58/57/29 60/59/29 59/60/29
f 59/60/30 60/59/30 62/61/30 61/62/30
f 61/62/31 62/61/31 64/63/31 63/64/31
f 63/64/32 64/63/32 66/65/32 65/66/32
f 65/66/33 66/65/33 68/67/33 67/68/33
f 67/68/34 68/67/34 70/69/34 69/70/34
f 69/70/35 70/69/35 72/71/35 71/72/35
f 71/72/36 72/71/36 74/73/36 73/74/36
f 73/74/37 74/73/37 76/75/37 75/76/37
f 75/76/38 76/75/38 78/77/38 77/78/38
f 77/78/39 78/77/39 80/79/39 79/80/39
f 79/80/40 80/79/40 82/81/40 81/82/40
f 81/82/41 82/81/41 84/83/41 83/84/41
f 83/84/42 84/83/42 86/85/42 85/86/42
f 85/86/43 86/85/43 88/87/43 87/88/43
f 87/88/44 88/87/44 90/89/44 89/90/44
f 89/90/45 90/89/45 92/91/45 91/92/45
f 91/92/46 92/91/46 94/93/46 93/94/46
f 93/94/47 94/93/47 96/95/47 95/96/47
f 95/96/48 96/95/48 98/97/48 97/98/48
f 97/98/49 98/97/49 100/99/49 99/100/49
f 99/100/50 100/99/50 102/101/50 101/102/50
f 101/102/51 102/101/51 104/103/51 103/104/51
f 103/104/52 104/103/52 106/105/52 105/106/52
f 105/106/53 106/105/53 108/107/53 107/108/53
f 107/108/54 108/107/54 110/109/54 109/110/54
f 109/110/55 110/109/55 112/111/55 111/112/55
f 111/112/56 112/111/56 114/113/56 113/114/56
f 113/114/57 114/113/57 116/115/57 115/116/57
f 115/116/58 116/115/58 118/117/58 117/118/58
f 117/118/59 118/117/59 120/119/59 119/120/59
f 119/120/60 120/119/60 122/121/60 121/122/60
f 121/122/61 122/121/61 124/123/61 123/124/61
f 123/124/62 124/123/62 126/125/62 125/126/62
f 125/126/63 126/125/63 128/127/63 127/128/63
f 127/128/64 128/127/64 130/129/64 129/130/64
f 129/130/65 130/129/65 132/131/65 131/132/65
f 131/132/66 132/131/66 134/133/66 133/134/66
f 133/134/67 134/133/67 136/135/67 135/136/67
f 135/136/68 136/135/68 138/137/68 137/138/68
f 137/138/69 138/137/69 140/139/69 139/140/69
f 139/140/70 140/139/70 142/141/70 141/142/70
f 141/142/71 142/141/71 144/143/71 143/144/71
f 143/144/72 144/143/72 146/145/72 145/146/72
f 145/146/73 146/145/73 148/147/73 147/148/73
f 147/148/74 148/147/74 150/149/74 149/150/74
f 149/150/75 150/149/75 152/151/75 151/152/75
f 151/152/76 152/151/76 154/153/76 153/154/76
f 153/154/77 154/153/77 156/155/77 155/156/77
f 155/156/78 156/155/78 158/157/78 157/158/78
f 157/158/79 158/157/79 160/159/79 159/160/79
f 159/160/80 160/159/80 162/161/80 161/162/80
f 161/162/81 162/161/81 164/163/81 163/164/81
f 163/164/82 164/163/82 166/165/82 165/166/82
f 165/166/83 166/165/83 168/167/83 167/168/83
f 167/168/84 168/167/84 170/169/84 169/170/84
f 169/170/85 170/169/85 172/171/85 171/172/85
f 171/172/86 172/171/86 174/173/86 173/174/86
f 173/174/87 174/173/87 176/175/87 175/176/87
f 175/176/88 176/175/88 178/177/88 177/178/88
f 177/178/89 178/177/89 180/179/89 179/180/89
f 179/180/90 180/179/90 182/181/90 181/182/90
f 181/182/91 182/181/91 184/183/91 183/184/91
f 183/184/92 184/183/92 186/185/92 185/186/92
f 185/186/93 186/185/93 188/187/93 187/188/93
f 187/188/94 188/187/94 190/189/94 189/190/94
f 189/190/95 190/189/95 192/191/95 191/192/95
f 191/192/96 192/191/96 194/193/96 193/194/96
f 193/194/97 194/193/97 196/195/97 195/196/97
f 195/196/98 196/195/98 198/197/98 197/198/98
f 197/198/99 198/197/99 200/199/99 199/200/99
f 199/200/100 200/199/100 202/201/100 201/202/100
f 201/202/101 202/201/101 204/203/101 203/204/101
f 203/204/102 204/203/102 206/205/102 205/206/102
f 205/206/103 206/205/103 208/207/103 207/208/103
f 207/208/104 208/207/104 210/209/104 209/210/104
f 209/210/105 210/209/105 212/211/105 211/212/105
f 211/212/106 212/211/106 214/213/106 213/214/106
f 213/214/107 214/213/107 216/215/107 215/216/107
f 215/216/108 216/215/108 218/217/108 217/218/108
f 217/218/109 218/217/109 220/219/109 219/220/109
f 219/220/110 220/219/110 222/221/110 221/222/110
f 221/222/111 222/221/111 224/223/111 223/224/111
f 223/224/112 224/223/112 226/225/112 225/226/112
f 225/226/113 226/225/113 228/227/113 227/228/113
f 227/228/114 228/227/114 230/229/114 229/230/114
f 229/230/115 230/229/115 232/231/115 231/232/115
f 231/232/116 232/231/116 234/233/116 233/234/116
f 233/234/117 234/233/117 236/235/117 235/236/117
f 235/236/118 236/235/118 238/237/118 237/238/118
f 237/238/119 238/237/119 240/239/119 239/240/119
f 239/240/120 240/239/120 242/241/120 241/242/120
f 241/242/121 242/241/121 244/243/121 243/244/121
f 243/244/122 244/243/122 246/245/122 245/246/122
f 245/246/123 246/245/123 248/247/123 247/248/123
f 247/248/124 248/247/124 250/249/124 249/250/124
f 249/250/125 250/249/125 252/251/125 251/252/125
f 251/252/126 252/251/126 254/253/126 253/254/126
f 4/255/127 2/256/127 256/257/127 254/258/127 252/259/127 250/260/127 248/261/127 246/262/127 244/263/127 242/264/127 240/265/127 238/266/127 236/267/127 234/268/127 232/269/127 230/270/127 228/271/127 226/272/127 224/273/127 222/274/127 220/275/127 218/276/127 216/277/127 214/278/127 212/279/127 210/280/127 208/281/127 206/282/127 204/283/127 202/284/127 200/285/127 198/286/127 196/287/127 194/288/127 192/289/127 190/290/127 188/291/127 186/292/127 184/293/127 182/294/127 180/295/127 178/296/127 176/297/127 174/298/127 172/299/127 170/300/127 168/301/127 166/302/127 164/303/127 162/304/127 160/305/127 158/306/127 156/307/127 154/308/127 152/309/127 150/310/127 148/311/127 146/312/127 144/313/127 142/314/127 140/315/127 138/316/127 136/317/127 134/318/127 132/319/127 130/320/127 128/321/127 126/322/127 124/323/127 122/324/127 120/325/127 118/326/127 116/327/127 114/328/127 112/329/127 110/330/127 108/331/127 106/332/127 104/333/127 102/334/127 100/335/127 98/336/127 96/337/127 94/338/127 92/339/127 90/340/127 88/341/127 86/342/127 84/343/127 82/344/127 80/345/127 78/346/127 76/347/127 74/348/127 72/349/127 70/350/127 68/351/127 66/352/127 64/353/127 62/354/127 60/355/127 58/356/127 56/357/127 54/358/127 52/359/127 50/360/127 48/361/127 46/362/127 44/363/127 42/364/127 40/365/127 38/366/127 36/367/127 34/368/127 32/369/127 30/370/127 28/371/127 26/372/127 24/373/127 22/374/127 20/375/127 18/376/127 16/377/127 14/378/127 12/379/127 10/380/127 8/381/127 6/382/127
f 253/254/128 254/253/128 256/383/128 255/384/128
f 255/384/129 256/383/129 2/385/129 1/386/129
f 1/387/130 3/388/130 5/389/130 7/390/130 9/391/130 11/392/130 13/393/130 15/394/130 17/395/130 19/396/130 21/397/130 23/398/130 25/399/130 27/400/130 29/401/130 31/402/130 33/403/130 35/404/130 37/405/130 39/406/130 41/407/130 43/408/130 45/409/130 47/410/130 49/411/130 51/412/130 53/413/130 55/414/130 57/415/130 59/416/130 61/417/130 63/418/130 65/419/130 67/420/130 69/421/130 71/422/130 73/423/130 75/424/130 77/425/130 79/426/130 81/427/130 83/428/130 85/429/130 87/430/130 89/431/130 91/432/130 93/433/130 95/434/130 97/435/130 99/436/130 101/437/130 103/438/130 105/439/130 107/440/130 109/441/130 111/442/130 113/443/130 115/444/130 117/445/130 119/446/130 121/447/130 123/448/130 125/449/130 127/450/130 129/451/130 131/452/130 133/453/130 135/454/130 137/455/130 139/456/130 141/457/130 143/458/130 145/459/130 147/460/130 149/461/130 151/462/130 153/463/130 155/464/130 157/465/130 159/466/130 161/467/130 163/468/130 165/469/130 167/470/130 169/471/130 171/472/130 173/473/130 175/474/130 177/475/130 179/476/130 181/477/130 183/478/130 185/479/130 187/480/130 189/481/130 191/482/130 193/483/130 195/484/130 197/485/130 199/486/130 201/487/130 203/488/130 205/489/130 207/490/130 209/491/130 211/492/130 213/493/130 215/494/130 217/495/130 219/496/130 221/497/130 223/498/130 225/499/130 227/500/130 229/501/130 231/502/130 233/503/130 235/504/130 237/505/130 239/506/130 241/507/130 243/508/130 245/509/130 247/510/130 249/511/130 251/512/130 253/513/130 255/514/130
o Coin_Outer
v 0.000000 -0.060000 -1.000000
v 0.000000 0.060000 -1.000000
v 0.049068 -0.060000 -0.998795
v 0.049068 0.060000 -0.998795
v 0.098017 -0.060000 -0.995185
v 0.098017 0.060000 -0.995185
v 0.146730 -0.060000 -0.989177
v 0.146730 0.060000 -0.989177
v 0.195090 -0.060000 -0.980785
v 0.195090 0.060000 -0.980785
v 0.242980 -0.060000 -0.970031
v 0.242980 0.060000 -0.970031
v 0.290285 -0.060000 -0.956940
v 0.290285 0.060000 -0.956940
v 0.336890 -0.060000 -0.941544
v 0.336890 0.060000 -0.941544
v 0.382683 -0.060000 -0.923880
v 0.382683 0.060000 -0.923880
v 0.427555 -0.060000 -0.903989
v 0.427555 0.060000 -0.903989
v 0.471397 -0.060000 -0.881921
v 0.471397 0.060000 -0.881921
v 0.514103 -0.060000 -0.857729
v 0.514103 0.060000 -0.857729
v 0.555570 -0.060000 -0.831470
v 0.555570 0.060000 -0.831470
v 0.595699 -0.060000 -0.803208
v 0.595699 0.060000 -0.803208
v 0.634393 -0.060000 -0.773010
v 0.634393 0.060000 -0.773010
v 0.671559 -0.060000 -0.740951
v 0.671559 0.060000 -0.740951
v 0.707107 -0.060000 -0.707107
v 0.707107 0.060000 -0.707107
v 0.740951 -0.060000 -0.671559
v 0.740951 0.060000 -0.671559
v 0.773010 -0.060000 -0.634393
v 0.773010 0.060000 -0.634393
v 0.803208 -0.060000 -0.595699
v 0.803208 0.060000 -0.595699
v 0.831470 -0.060000 -0.555570
v 0.831470 0.060000 -0.555570
v 0.857729 -0.060000 -0.514103
v 0.857729 0.060000 -0.514103
v 0.881921 -0.060000 -0.471397
v 0.881921 0.060000 -0.471397
v 0.903989 -0.060000 -0.427555
v 0.903989 0.060000 -0.427555
v 0.923880 -0.060000 -0.382683
v 0.923880 0.060000 -0.382683
v 0.941544 -0.060000 -0.336890
v 0.941544 0.060000 -0.336890
v 0.956940 -0.060000 -0.290285
v 0.956940 0.060000 -0.290285
v 0.970031 -0.060000 -0.242980
v 0.970031 0.060000 -0.242980
v 0.980785 -0.060000 -0.195090
v 0.980785 0.060000 -0.195090
v 0.989177 -0.060000 -0.146730
v 0.989177 0.060000 -0.146730
v 0.995185 -0.060000 -0.098017
v 0.995185 0.060000 -0.098017
v 0.998795 -0.060000 -0.049068
v 0.998795 0.060000 -0.049068
v 1.000000 -0.060000 0.000000
v 1.000000 0.060000 0.000000
v 0.998795 -0.060000 0.049068
v 0.998795 0.060000 0.049068
v 0.995185 -0.060000 0.098017
v 0.995185 0.060000 0.098017
v 0.989177 -0.060000 0.146730
v 0.989177 0.060000 0.146730
v 0.980785 -0.060000 0.195090
v 0.980785 0.060000 0.195090
v 0.970031 -0.060000 0.242980
v 0.970031 0.060000 0.242980
v 0.956940 -0.060000 0.290285
v 0.956940 0.060000 0.290285
v 0.941544 -0.060000 0.336890
v 0.941544 0.060000 0.336890
v 0.923880 -0.060000 0.382683
v 0.923880 0.060000 0.382683
v 0.903989 -0.060000 0.427555
v 0.903989 0.060000 0.427555
v 0.881921 -0.060000 0.471397
v 0.881921 0.060000 0.471397
v 0.857729 -0.060000 0.514103
v 0.857729 0.060000 0.514103
v 0.831470 -0.060000 0.555570
v 0.831470 0.060000 0.555570
v 0.803208 -0.060000 0.595699
v 0.803208 0.060000 0.595699
v 0.773010 -0.060000 0.634393
v 0.773010 0.060000 0.634393
v 0.740951 -0.060000 0.671559
v 0.740951 0.060000 0.671559
v 0.707107 -0.060000 0.707107
v 0.707107 0.060000 0.707107
v 0.671559 -0.060000 0.740951
v 0.671559 0.060000 0.740951
v 0.634393 -0.060000 0.773010
v 0.634393 0.060000 0.773010
v 0.595699 -0.060000 0.803208
v 0.595699 0.060000 0.803208
v 0.555570 -0.060000 0.831470
v 0.555570 0.060000 0.831470
v 0.514103 -0.060000 0.857729
v 0.514103 0.060000 0.857729
v 0.471397 -0.060000 0.881921
v 0.471397 0.060000 0.881921
v 0.427555 -0.060000 0.903989
v 0.427555 0.060000 0.903989
v 0.382683 -0.060000 0.923880
v 0.382683 0.060000 0.923880
v 0.336890 -0.060000 0.941544
v 0.336890 0.060000 0.941544
v 0.290285 -0.060000 0.956940
v 0.290285 0.060000 0.956940
v 0.242980 -0.060000 0.970031
v 0.242980 0.060000 0.970031
v 0.195090 -0.060000 0.980785
v 0.195090 0.060000 0.980785
v 0.146730 -0.060000 0.989177
v 0.146730 0.060000 0.989177
v 0.098017 -0.060000 0.995185
v 0.098017 0.060000 0.995185
v 0.049068 -0.060000 0.998795
v 0.049068 0.060000 0.998795
v 0.000000 -0.060000 1.000000
v 0.000000 0.060000 1.000000
v -0.049068 -0.060000 0.998795
v -0.049068 0.060000 0.998795
v -0.098017 -0.060000 0.995185
v -0.098017 0.060000 0.995185
v -0.146730 -0.060000 0.989177
v -0.146730 0.060000 0.989177
v -0.195090 -0.060000 0.980785
v -0.195090 0.060000 0.980785
v -0.242980 -0.060000 0.970031
v -0.242980 0.060000 0.970031
v -0.290285 -0.060000 0.956940
v -0.290285 0.060000 0.956940
v -0.336890 -0.060000 0.941544
v -0.336890 0.060000 0.941544
v -0.382683 -0.060000 0.923880
v -0.382683 0.060000 0.923880
v -0.427555 -0.060000 0.903989
v -0.427555 0.060000 0.903989
v -0.471397 -0.060000 0.881921
v -0.471397 0.060000 0.881921
v -0.514103 -0.060000 0.857729
v -0.514103 0.060000 0.857729
v -0.555570 -0.060000 0.831470
v -0.555570 0.060000 0.831470
v -0.595699 -0.060000 0.803208
v -0.595699 0.060000 0.803208
v -0.634393 -0.060000 0.773010
v -0.634393 0.060000 0.773010
v -0.671559 -0.060000 0.740951
v -0.671559 0.060000 0.740951
v -0.707107 -0.060000 0.707107
v -0.707107 0.060000 0.707107
v -0.740951 -0.060000 0.671559
v -0.740951 0.060000 0.671559
v -0.773010 -0.060000 0.634393
v -0.773010 0.060000 0.634393
v -0.803208 -0.060000 0.595699
v -0.803208 0.060000 0.595699
v -0.831470 -0.060000 0.555570
v -0.831470 0.060000 0.555570
v -0.857729 -0.060000 0.514103
v -0.857729 0.060000 0.514103
v -0.881921 -0.060000 0.471397
v -0.881921 0.060000 0.471397
v -0.903989 -0.060000 0.427555
v -0.903989 0.060000 0.427555
v -0.923880 -0.060000 0.382683
v -0.923880 0.060000 0.382683
v -0.941544 -0.060000 0.336890
v -0.941544 0.060000 0.336890
v -0.956940 -0.060000 0.290285
v -0.956940 0.060000 0.290285
v -0.970031 -0.060000 0.242980
v -0.970031 0.060000 0.242980
v -0.980785 -0.060000 0.195090
v -0.980785 0.060000 0.195090
v -0.989177 -0.060000 0.146730
v -0.989177 0.060000 0.146730
v -0.995185 -0.060000 0.098017
v -0.995185 0.060000 0.098017
v -0.998795 -0.060000 0.049068
v -0.998795 0.060000 0.049068
v -1.000000 -0.060000 0.000000
v -1.000000 0.060000 0.000000
v -0.998795 -0.060000 -0.049068
v -0.998795 0.060000 -0.049068
v -0.995185 -0.060000 -0.098017
v -0.995185 0.060000 -0.098017
v -0.989177 -0.060000 -0.146730
v -0.989177 0.060000 -0.146730
v -0.980785 -0.060000 -0.195090
v -0.980785 0.060000 -0.195090
v -0.970031 -0.060000 -0.242980
v -0.970031 0.060000 -0.242980
v -0.956940 -0.060000 -0.290285
v -0.956940 0.060000 -0.290285
v -0.941544 -0.060000 -0.336890
v -0.941544 0.060000 -0.336890
v -0.923880 -0.060000 -0.382683
v -0.923880 0.060000 -0.382683
v -0.903989 -0.060000 -0.427555
v -0.903989 0.060000 -0.427555
v -0.881921 -0.060000 -0.471397
v -0.881921 0.060000 -0.471397
v -0.857729 -0.060000 -0.514103
v -0.857729 0.060000 -0.514103
v -0.831470 -0.060000 -0.555570
v -0.831470 0.060000 -0.555570
v -0.803208 -0.060000 -0.595699
v -0.803208 0.060000 -0.595699
v -0.773010 -0.060000 -0.634393
v -0.773010 0.060000 -0.634393
v -0.740951 -0.060000 -0.671559
v -0.740951 0.060000 -0.671559
v -0.707107 -0.060000 -0.707107
v -0.707107 0.060000 -0.707107
v -0.671559 -0.060000 -0.740951
v -0.671559 0.060000 -0.740951
v -0.634393 -0.060000 -0.773010
v -0.634393 0.060000 -0.773010
v -0.595699 -0.060000 -0.803208
v -0.595699 0.060000 -0.803208
v -0.555570 -0.060000 -0.831470
v -0.555570 0.060000 -0.831470
v -0.514103 -0.060000 -0.857729
v -0.514103 0.060000 -0.857729
v -0.471397 -0.060000 -0.881921
v -0.471397 0.060000 -0.881921
v -0.427555 -0.060000 -0.903989
v -0.427555 0.060000 -0.903989
v -0.382683 -0.060000 -0.923880
v -0.382683 0.060000 -0.923880
v -0.336890 -0.060000 -0.941544
v -0.336890 0.060000 -0.941544
v -0.290285 -0.060000 -0.956940
v -0.290285 0.060000 -0.956940
v -0.242980 -0.060000 -0.970031
v -0.242980 0.060000 -0.970031
v -0.195090 -0.060000 -0.980785
v -0.195090 0.060000 -0.980785
v -0.146730 -0.060000 -0.989177
v -0.146730 0.060000 -0.989177
v -0.098017 -0.060000 -0.995185
v -0.098017 0.060000 -0.995185
v -0.049068 -0.060000 -0.998795
v -0.049068 0.060000 -0.998795
v -0.623602 0.060000 -0.416678
v -0.602406 0.060000 -0.446774
v -0.579758 0.060000 -0.475795
v -0.530330 0.060000 -0.530330
v -0.555713 0.060000 -0.503669
v -0.503669 0.060000 -0.555713
v -0.475795 0.060000 -0.579758
v -0.416678 0.060000 -0.623602
v -0.446774 0.060000 -0.602406
v -0.353548 0.060000 -0.661441
v -0.287013 0.060000 -0.692910
v -0.320666 0.060000 -0.677992
v -0.385577 0.060000 -0.643296
v -0.677992 0.060000 0.320666
v -0.692910 0.060000 0.287013
v -0.643296 0.060000 0.385577
v -0.602406 0.060000 0.446774
v -0.623602 0.060000 0.416678
v -0.661441 0.060000 0.353548
v -0.555713 0.060000 0.503669
v -0.503669 0.060000 0.555713
v -0.530330 0.060000 0.530330
v -0.446774 0.060000 0.602406
v -0.416678 0.060000 0.623602
v -0.475795 0.060000 0.579758
v -0.579758 0.060000 0.475795
v 0.320666 0.060000 0.677992
v 0.287013 0.060000 0.692910
v 0.385577 0.060000 0.643296
v 0.446774 0.060000 0.602406
v 0.416678 0.060000 0.623602
v 0.353548 0.060000 0.661441
v 0.503669 0.060000 0.555713
v 0.555713 0.060000 0.503669
v 0.530330 0.060000 0.530330
v 0.602406 0.060000 0.446774
v 0.623602 0.060000 0.416678
v 0.579758 0.060000 0.475795
v 0.475795 0.060000 0.579758
v 0.446774 0.060000 -0.602406
v 0.416678 0.060000 -0.623602
v 0.503669 0.060000 -0.555713
v 0.555713 0.060000 -0.503669
v 0.530330 0.060000 -0.530330
v 0.475795 0.060000 -0.579758
v 0.602406 0.060000 -0.446774
v 0.643296 0.060000 -0.385577
v 0.623602 0.060000 -0.416678
v 0.677992 0.060000 -0.320666
v 0.692910 0.060000 -0.287013
v 0.661441 0.060000 -0.353548
v 0.579758 0.060000 -0.475795
v -0.749097 0.060000 0.036801
v -0.750000 0.060000 0.000000
v -0.746389 0.060000 0.073513
v -0.749097 0.060000 -0.036801
v -0.746389 0.060000 -0.073513
v -0.741882 0.060000 0.110048
v -0.735589 0.060000 -0.146318
v -0.735589 0.060000 0.146318
v -0.741882 0.060000 -0.110048
v -0.727523 0.060000 0.182235
v -0.706158 0.060000 0.252667
v -0.717705 0.060000 0.217714
v -0.717705 0.060000 -0.217714
v -0.692910 0.060000 -0.287013
v -0.661441 0.060000 -0.353548
v -0.643296 0.060000 -0.385577
v -0.677992 0.060000 -0.320666
v -0.706158 0.060000 -0.252667
v -0.727523 0.060000 -0.182235
v -0.353548 0.060000 0.661441
v -0.287013 0.060000 0.692910
v -0.320666 0.060000 0.677992
v -0.182235 0.060000 0.727523
v -0.217714 0.060000 0.717705
v -0.217714 0.060000 -0.717705
v -0.252667 0.060000 0.706158
v -0.252667 0.060000 -0.706158
v -0.146318 0.060000 -0.735589
v -0.110048 0.060000 0.741882
v -0.146318 0.060000 0.735589
v -0.110048 0.060000 -0.741882
v -0.036801 0.060000 -0.749097
v 0.036801 0.060000 -0.749097
v 0.073513 0.060000 -0.746389
v 0.000000 0.060000 -0.750000
v -0.073513 0.060000 -0.746389
v -0.385577 0.060000 0.643296
v -0.182235 0.060000 -0.727523
v -0.036801 0.060000 0.749097
v -0.073513 0.060000 0.746389
v 0.036801 0.060000 0.749097
v 0.000000 0.060000 0.750000
v 0.110048 0.060000 0.741882
v 0.110048 0.060000 -0.741882
v 0.146318 0.060000 -0.735589
v 0.146318 0.060000 0.735589
v 0.073513 0.060000 0.746389
v 0.182235 0.060000 0.727523
v 0.217714 0.060000 -0.717705
v 0.217714 0.060000 0.717705
v 0.182235 0.060000 -0.727523
v 0.353548 0.060000 -0.661441
v 0.320666 0.060000 -0.677992
v 0.287013 0.060000 -0.692910
v 0.252667 0.060000 0.706158
v 0.252667 0.060000 -0.706158
v 0.643296 0.060000 0.385577
v 0.677992 0.060000 0.320666
v 0.661441 0.060000 0.353548
v 0.717705 0.060000 0.217714
v 0.717705 0.060000 -0.217714
v 0.706158 0.060000 0.252667
v 0.706158 0.060000 -0.252667
v 0.692910 0.060000 0.287013
v 0.741882 0.060000 0.110048
v 0.735589 0.060000 0.146318
v 0.735589 0.060000 -0.146318
v 0.746389 0.060000 -0.073513
v 0.750000 0.060000 0.000000
v 0.749097 0.060000 0.036801
v 0.749097 0.060000 -0.036801
v 0.746389 0.060000 0.073513
v 0.727523 0.060000 0.182235
v 0.741882 0.060000 -0.110048
v 0.727523 0.060000 -0.182235
v 0.385577 0.060000 -0.643296
v 0.353548 -0.060000 -0.661441
v 0.320666 -0.060000 -0.677992
v 0.416678 -0.060000 -0.623602
v 0.475795 -0.060000 -0.579758
v 0.446774 -0.060000 -0.602406
v 0.385577 -0.060000 -0.643296
v 0.530330 -0.060000 -0.530330
v 0.579758 -0.060000 -0.475795
v 0.555713 -0.060000 -0.503669
v 0.623602 -0.060000 -0.416678
v 0.643296 -0.060000 -0.385577
v 0.602406 -0.060000 -0.446774
v 0.503669 -0.060000 -0.555713
v 0.416678 -0.060000 0.623602
v 0.385577 -0.060000 0.643296
v 0.475795 -0.060000 0.579758
v 0.530330 -0.060000 0.530330
v 0.503669 -0.060000 0.555713
v 0.446774 -0.060000 0.602406
v 0.579758 -0.060000 0.475795
v 0.623602 -0.060000 0.416678
v 0.602406 -0.060000 0.446774
v 0.661441 -0.060000 0.353548
v 0.677992 -0.060000 0.320666
v 0.643296 -0.060000 0.385577
v 0.555713 -0.060000 0.503669
v -0.643296 -0.060000 0.385577
v -0.623602 -0.060000 0.416678
v -0.602406 -0.060000 0.446774
v -0.555713 -0.060000 0.503669
v -0.579758 -0.060000 0.475795
v -0.530330 -0.060000 0.530330
v -0.503669 -0.060000 0.555713
v -0.446774 -0.060000 0.602406
v -0.475795 -0.060000 0.579758
v -0.385577 -0.060000 0.643296
v -0.320666 -0.060000 0.677992
v -0.353548 -0.060000 0.661441
v -0.416678 -0.060000 0.623602
v -0.661441 -0.060000 -0.353548
v -0.677992 -0.060000 -0.320666
v -0.623602 -0.060000 -0.416678
v -0.579758 -0.060000 -0.475795
v -0.602406 -0.060000 -0.446774
v -0.643296 -0.060000 -0.385577
v -0.530330 -0.060000 -0.530330
v -0.475795 -0.060000 -0.579758
v -0.503669 -0.060000 -0.555713
v -0.416678 -0.060000 -0.623602
v -0.385577 -0.060000 -0.643296
v -0.446774 -0.060000 -0.602406
v -0.555713 -0.060000 -0.503669
v 0.000000 -0.060000 -0.750000
v 0.036801 -0.060000 0.749097
v 0.036801 -0.060000 -0.749097
v 0.073513 -0.060000 0.746389
v 0.110048 -0.060000 0.741882
v 0.110048 -0.060000 -0.741882
v 0.146318 -0.060000 0.735589
v 0.073513 -0.060000 -0.746389
v 0.146318 -0.060000 -0.735589
v 0.182235 -0.060000 -0.727523
v 0.217714 -0.060000 0.717705
v 0.182235 -0.060000 0.727523
v 0.217714 -0.060000 -0.717705
v 0.320666 -0.060000 0.677992
v 0.287013 -0.060000 0.692910
v 0.287013 -0.060000 -0.692910
v 0.252667 -0.060000 0.706158
v 0.252667 -0.060000 -0.706158
v 0.661441 -0.060000 -0.353548
v 0.677992 -0.060000 -0.320666
v 0.717705 -0.060000 0.217714
v 0.717705 -0.060000 -0.217714
v 0.706158 -0.060000 0.252667
v 0.706158 -0.060000 -0.252667
v 0.692910 -0.060000 0.287013
v 0.692910 -0.060000 -0.287013
v 0.741882 -0.060000 -0.110048
v 0.735589 -0.060000 0.146318
v 0.735589 -0.060000 -0.146318
v 0.746389 -0.060000 0.073513
v 0.750000 -0.060000 0.000000
v 0.749097 -0.060000 0.036801
v 0.749097 -0.060000 -0.036801
v 0.746389 -0.060000 -0.073513
v 0.727523 -0.060000 0.182235
v 0.741882 -0.060000 0.110048
v 0.727523 -0.060000 -0.182235
v 0.353548 -0.060000 0.661441
v -0.749097 -0.060000 0.036801
v -0.750000 -0.060000 0.000000
v -0.746389 -0.060000 0.073513
v -0.749097 -0.060000 -0.036801
v -0.746389 -0.060000 -0.073513
v -0.741882 -0.060000 -0.110048
v -0.735589 -0.060000 0.146318
v -0.741882 -0.060000 0.110048
v -0.735589 -0.060000 -0.146318
v -0.727523 -0.060000 0.182235
v -0.706158 -0.060000 -0.252667
v -0.717705 -0.060000 0.217714
v -0.717705 -0.060000 -0.217714
v -0.677992 -0.060000 0.320666
v -0.661441 -0.060000 0.353548
v -0.692910 -0.060000 0.287013
v -0.706158 -0.060000 0.252667
v -0.692910 -0.060000 -0.287013
v -0.727523 -0.060000 -0.182235
v -0.320666 -0.060000 -0.677992
v -0.287013 -0.060000 0.692910
v -0.287013 -0.060000 -0.692910
v -0.182235 -0.060000 -0.727523
v -0.217714 -0.060000 0.717705
v -0.217714 -0.060000 -0.717705
v -0.252667 -0.060000 0.706158
v -0.252667 -0.060000 -0.706158
v -0.146318 -0.060000 0.735589
v -0.110048 -0.060000 0.741882
v -0.110048 -0.060000 -0.741882
v -0.036801 -0.060000 -0.749097
v 0.000000 -0.060000 0.750000
v -0.036801 -0.060000 0.749097
v -0.073513 -0.060000 0.746389
v -0.073513 -0.060000 -0.746389
v -0.146318 -0.060000 -0.735589
v -0.182235 -0.060000 0.727523
v -0.353548 -0.060000 -0.661441
vn 0.0245 -0.0000 -0.9997
vn 0.0736 -0.0000 -0.9973
vn 0.1224 -0.0000 -0.9925
vn 0.1710 -0.0000 -0.9853
vn 0.2191 -0.0000 -0.9757
vn 0.2667 -0.0000 -0.9638
vn 0.3137 -0.0000 -0.9495
vn 0.3599 -0.0000 -0.9330
vn 0.4052 -0.0000 -0.9142
vn 0.4496 -0.0000 -0.8932
vn 0.4929 -0.0000 -0.8701
vn 0.5350 -0.0000 -0.8449
vn 0.5758 -0.0000 -0.8176
vn 0.6152 -0.0000 -0.7883
vn 0.6532 -0.0000 -0.7572
vn 0.6895 -0.0000 -0.7242
vn 0.7242 -0.0000 -0.6895
vn 0.7572 -0.0000 -0.6532
vn 0.7883 -0.0000 -0.6152
vn 0.8176 -0.0000 -0.5758
vn 0.8449 -0.0000 -0.5350
vn 0.8701 -0.0000 -0.4929
vn 0.8932 -0.0000 -0.4496
vn 0.9142 -0.0000 -0.4052
vn 0.9330 -0.0000 -0.3599
vn 0.9495 -0.0000 -0.3137
vn 0.9638 -0.0000 -0.2667
vn 0.9757 -0.0000 -0.2191
vn 0.9853 -0.0000 -0.1710
vn 0.9925 -0.0000 -0.1224
vn 0.9973 -0.0000 -0.0736
vn 0.9997 -0.0000 -0.0245
vn 0.9997 -0.0000 0.0245
vn 0.9973 -0.0000 0.0736
vn 0.9925 -0.0000 0.1224
vn 0.9853 -0.0000 0.1710
vn 0.9757 -0.0000 0.2191
vn 0.9638 -0.0000 0.2667
vn 0.9495 -0.0000 0.3137
vn 0.9330 -0.0000 0.3599
vn 0.9142 -0.0000 0.4052
vn 0.8932 -0.0000 0.4496
vn 0.8701 -0.0000 0.4929
vn 0.8449 -0.0000 0.5350
vn 0.8176 -0.0000 0.5758
vn 0.7883 -0.0000 0.6152
vn 0.7572 -0.0000 0.6532
vn 0.7242 -0.0000 0.6895
vn 0.6895 -0.0000 0.7242
vn 0.6532 -0.0000 0.7572
vn 0.6152 -0.0000 0.7883
vn 0.5758 -0.0000 0.8176
vn 0.5350 -0.0000 0.8449
vn 0.4929 -0.0000 0.8701
vn 0.4496 -0.0000 0.8932
vn 0.4052 -0.0000 0.9142
vn 0.3599 -0.0000 0.9330
vn 0.3137 -0.0000 0.9495
vn 0.2667 -0.0000 0.9638
vn 0.2191 -0.0000 0.9757
vn 0.1710 -0.0000 0.9853
vn 0.1224 -0.0000 0.9925
vn 0.0736 -0.0000 0.9973
vn 0.0245 -0.0000 0.9997
vn -0.0245 -0.0000 0.9997
vn -0.0736 -0.0000 0.9973
vn -0.1224 -0.0000 0.9925
vn -0.1710 -0.0000 0.9853
vn -0.2191 -0.0000 0.9757
vn -0.2667 -0.0000 0.9638
vn -0.3137 -0.0000 0.9495
vn -0.3599 -0.0000 0.9330
vn -0.4052 -0.0000 0.9142
vn -0.4496 -0.0000 0.8932
vn -0.4929 -0.0000 0.8701
vn -0.5350 -0.0000 0.8449
vn -0.5758 -0.0000 0.8176
vn -0.6152 -0.0000 0.7883
vn -0.6532 -0.0000 0.7572
vn -0.6895 -0.0000 0.7242
vn -0.7242 -0.0000 0.6895
vn -0.7572 -0.0000 0.6532
vn -0.7883 -0.0000 0.6152
vn -0.8176 -0.0000 0.5758
vn -0.8449 -0.0000 0.5350
vn -0.8701 -0.0000 0.4929
vn -0.8932 -0.0000 0.4496
vn -0.9142 -0.0000 0.4052
vn -0.9330 -0.0000 0.3599
vn -0.9495 -0.0000 0.3137
vn -0.9638 -0.0000 0.2667
vn -0.9757 -0.0000 0.2191
vn -0.9853 -0.0000 0.1710
vn -0.9925 -0.0000 0.1224
vn -0.9973 -0.0000 0.0736
vn -0.9997 -0.0000 0.0245
vn -0.9997 -0.0000 -0.0245
vn -0.9973 -0.0000 -0.0736
vn -0.9925 -0.0000 -0.1224
vn -0.9853 -0.0000 -0.1710
vn -0.9757 -0.0000 -0.2191
vn -0.9638 -0.0000 -0.2667
vn -0.9495 -0.0000 -0.3137
vn -0.9330 -0.0000 -0.3599
vn -0.9142 -0.0000 -0.4052
vn -0.8932 -0.0000 -0.4496
vn -0.8701 -0.0000 -0.4929
vn -0.8449 -0.0000 -0.5350
vn -0.8176 -0.0000 -0.5758
vn -0.7883 -0.0000 -0.6152
vn -0.7572 -0.0000 -0.6532
vn -0.7242 -0.0000 -0.6895
vn -0.6895 -0.0000 -0.7242
vn -0.6532 -0.0000 -0.7572
vn -0.6152 -0.0000 -0.7883
vn -0.5758 -0.0000 -0.8176
vn -0.5350 -0.0000 -0.8449
vn -0.4929 -0.0000 -0.8701
vn -0.4496 -0.0000 -0.8932
vn -0.4052 -0.0000 -0.9142
vn -0.3599 -0.0000 -0.9330
vn -0.3137 -0.0000 -0.9495
vn -0.2667 -0.0000 -0.9638
vn -0.2191 -0.0000 -0.9757
vn -0.1710 -0.0000 -0.9853
vn -0.1224 -0.0000 -0.9925
vn -0.0000 1.0000 -0.0000
vn -0.0736 -0.0000 -0.9973
vn -0.0245 -0.0000 -0.9997
vn -0.0000 -1.0000 -0.0000
vt 1.000000 0.500000
vt 1.000000 1.000000
vt 0.992188 1.000000
vt 0.992188 0.500000
vt 0.984375 1.000000
vt 0.984375 0.500000
vt 0.976562 1.000000
vt 0.976562 0.500000
vt 0.968750 1.000000
vt 0.968750 0.500000
vt 0.960938 1.000000
vt 0.960938 0.500000
vt 0.953125 1.000000
vt 0.953125 0.500000
vt 0.945312 1.000000
vt 0.945312 0.500000
vt 0.937500 1.000000
vt 0.937500 0.500000
vt 0.929688 1.000000
vt 0.929688 0.500000
vt 0.921875 1.000000
vt 0.921875 0.500000
vt 0.914062 1.000000
vt 0.914062 0.500000
vt 0.906250 1.000000
vt 0.906250 0.500000
vt 0.898438 1.000000
vt 0.898438 0.500000
vt 0.890625 1.000000
vt 0.890625 0.500000
vt 0.882812 1.000000
vt 0.882812 0.500000
vt 0.875000 1.000000
vt 0.875000 0.500000
vt 0.867188 1.000000
vt 0.867188 0.500000
vt 0.859375 1.000000
vt 0.859375 0.500000
vt 0.851562 1.000000
vt 0.851562 0.500000
vt 0.843750 1.000000
vt 0.843750 0.500000
vt 0.835938 1.000000
vt 0.835938 0.500000
vt 0.828125 1.000000
vt 0.828125 0.500000
vt 0.820312 1.000000
vt 0.820312 0.500000
vt 0.812500 1.000000
vt 0.812500 0.500000
vt 0.804688 1.000000
vt 0.804688 0.500000
vt 0.796875 1.000000
vt 0.796875 0.500000
vt 0.789062 1.000000
vt 0.789062 0.500000
vt 0.781250 1.000000
vt 0.781250 0.500000
vt 0.773438 1.000000
vt 0.773438 0.500000
vt 0.765625 1.000000
vt 0.765625 0.500000
vt 0.757812 1.000000
vt 0.757812 0.500000
vt 0.750000 1.000000
vt 0.750000 0.500000
vt 0.742188 1.000000
vt 0.742188 0.500000
vt 0.734375 1.000000
vt 0.734375 0.500000
vt 0.726562 1.000000
vt 0.726562 0.500000
vt 0.718750 1.000000
vt 0.718750 0.500000
vt 0.710938 1.000000
vt 0.710938 0.500000
vt 0.703125 1.000000
vt 0.703125 0.500000
vt 0.695312 1.000000
vt 0.695312 0.500000
vt 0.687500 1.000000
vt 0.687500 0.500000
vt 0.679688 1.000000
vt 0.679688 0.500000
vt 0.671875 1.000000
vt 0.671875 0.500000
vt 0.664062 1.000000
vt 0.664062 0.500000
vt 0.656250 1.000000
vt 0.656250 0.500000
vt 0.648438 1.000000
vt 0.648438 0.500000
vt 0.640625 1.000000
vt 0.640625 0.500000
vt 0.632812 1.000000
vt 0.632812 0.500000
vt 0.625000 1.000000
vt 0.625000 0.500000
vt 0.617188 1.000000
vt 0.617188 0.500000
vt 0.609375 1.000000
vt 0.609375 0.500000
vt 0.601562 1.000000
vt 0.601562 0.500000
vt 0.593750 1.000000
vt 0.593750 0.500000
vt 0.585938 1.000000
vt 0.585938 0.500000
vt 0.578125 1.000000
vt 0.578125 0.500000
vt 0.570312 1.000000
vt 0.570312 0.500000
vt 0.562500 1.000000
vt 0.562500 0.500000
vt 0.554688 1.000000
vt 0.554688 0.500000
vt 0.546875 1.000000
vt 0.546875 0.500000
vt 0.539062 1.000000
vt 0.539062 0.500000
vt 0.531250 1.000000
vt 0.531250 0.500000
vt 0.523438 1.000000
vt 0.523438 0.500000
vt 0.515625 1.000000
vt 0.515625 0.500000
vt 0.507812 1.000000
vt 0.507812 0.500000
vt 0.500000 1.000000
vt 0.500000 0.500000
vt 0.492188 1.000000
vt 0.492188 0.500000
vt 0.484375 1.000000
vt 0.484375 0.500000
vt 0.476562 1.000000
vt 0.476562 0.500000
vt 0.468750 1.000000
vt 0.468750 0.500000
vt 0.460938 1.000000
vt 0.460938 0.500000
vt 0.453125 1.000000
vt 0.453125 0.500000
vt 0.445312 1.000000
vt 0.445312 0.500000
vt 0.437500 1.000000
vt 0.437500 0.500000
vt 0.429688 1.000000
vt 0.429688 0.500000
vt 0.421875 1.000000
vt 0.421875 0.500000
vt 0.414062 1.000000
vt 0.414062 0.500000
vt 0.406250 1.000000
vt 0.406250 0.500000
vt 0.398438 1.000000
vt 0.398438 0.500000
vt 0.390625 1.000000
vt 0.390625 0.500000
vt 0.382812 1.000000
vt 0.382812 0.500000
vt 0.375000 1.000000
vt 0.375000 0.500000
vt 0.367188 1.000000
vt 0.367188 0.500000
vt 0.359375 1.000000
vt 0.359375 0.500000
vt 0.351562 1.000000
vt 0.351562 0.500000
vt 0.343750 1.000000
vt 0.343750 0.500000
vt 0.335938 1.000000
vt 0.335938 0.500000
vt 0.328125 1.000000
vt 0.328125 0.500000
vt 0.320312 1.000000
vt 0.320312 0.500000
vt 0.312500 1.000000
vt 0.312500 0.500000
vt 0.304688 1.000000
vt 0.304688 0.500000
vt 0.296875 1.000000
vt 0.296875 0.500000
vt 0.289062 1.000000
vt 0.289062 0.500000
vt 0.281250 1.000000
vt 0.281250 0.500000
vt 0.273438 1.000000
vt 0.273438 0.500000
vt 0.265625 1.000000
vt 0.265625 0.500000
vt 0.257812 1.000000
vt 0.257812 0.500000
vt 0.250000 1.000000
vt 0.250000 0.500000
vt 0.242188 1.000000
vt 0.242188 0.500000
vt 0.234375 1.000000
vt 0.234375 0.500000
vt 0.226562 1.000000
vt 0.226562 0.500000
vt 0.218750 1.000000
vt 0.218750 0.500000
vt 0.210938 1.000000
vt 0.210938 0.500000
vt 0.203125 1.000000
vt 0.203125 0.500000
vt 0.195312 1.000000
vt 0.195312 0.500000
vt 0.187500 1.000000
vt 0.187500 0.500000
vt 0.179688 1.000000
vt 0.179688 0.500000
vt 0.171875 1.000000
vt 0.171875 0.500000
vt 0.164062 1.000000
vt 0.164062 0.500000
vt 0.156250 1.000000
vt 0.156250 0.500000
vt 0.148438 1.000000
vt 0.148438 0.500000
vt 0.140625 1.000000
vt 0.140625 0.500000
vt 0.132812 1.000000
vt 0.132812 0.500000
vt 0.125000 1.000000
vt 0.125000 0.500000
vt 0.117188 1.000000
vt 0.117188 0.500000
vt 0.109375 1.000000
vt 0.109375 0.500000
vt 0.101562 1.000000
vt 0.101562 0.500000
vt 0.093750 1.000000
vt 0.093750 0.500000
vt 0.085938 1.000000
vt 0.085938 0.500000
vt 0.078125 1.000000
vt 0.078125 0.500000
vt 0.070312 1.000000
vt 0.070312 0.500000
vt 0.062500 1.000000
vt 0.062500 0.500000
vt 0.054688 1.000000
vt 0.054688 0.500000
vt 0.046875 1.000000
vt 0.046875 0.500000
vt 0.039062 1.000000
vt 0.039062 0.500000
vt 0.031250 1.000000
vt 0.031250 0.500000
vt 0.023438 1.000000
vt 0.023438 0.500000
vt 0.015625 1.000000
vt 0.015625 0.500000
vt 0.080294 0.419706
vt 0.072172 0.411174
vt 0.064478 0.402254
vt 0.057230 0.392968
vt 0.050447 0.383337
vt 0.044145 0.373385
vt 0.038339 0.363135
vt 0.033043 0.352613
vt 0.028269 0.341844
vt 0.024029 0.330854
vt 0.020334 0.319668
vt 0.017192 0.308315
vt 0.014612 0.296822
vt 0.012598 0.285215
vt 0.011156 0.273524
vt 0.070867 0.267643
vt 0.071948 0.276411
vt 0.073459 0.285116
vt 0.075394 0.293737
vt 0.077751 0.302251
vt 0.080522 0.310640
vt 0.083702 0.318883
vt 0.087282 0.326960
vt 0.091254 0.334851
vt 0.095609 0.342538
vt 0.100335 0.350003
vt 0.105423 0.357226
vt 0.110858 0.364191
vt 0.116629 0.370881
vt 0.122721 0.377279
vt 0.129119 0.383371
vt 0.135809 0.389142
vt 0.142774 0.394577
vt 0.149997 0.399665
vt 0.157461 0.404391
vt 0.165149 0.408746
vt 0.173040 0.412718
vt 0.181117 0.416298
vt 0.189360 0.419478
vt 0.197749 0.422249
vt 0.206264 0.424606
vt 0.214884 0.426541
vt 0.223588 0.428052
vt 0.232357 0.429133
vt 0.241168 0.429783
vt 0.250000 0.430000
vt 0.258832 0.429783
vt 0.267643 0.429133
vt 0.273524 0.488844
vt 0.261776 0.489711
vt 0.250000 0.490000
vt 0.238224 0.489711
vt 0.226476 0.488844
vt 0.214785 0.487402
vt 0.203178 0.485388
vt 0.191685 0.482808
vt 0.180332 0.479666
vt 0.169146 0.475971
vt 0.158156 0.471731
vt 0.147387 0.466957
vt 0.136865 0.461661
vt 0.126615 0.455855
vt 0.116663 0.449553
vt 0.107032 0.442770
vt 0.097746 0.435522
vt 0.088826 0.427828
vt 0.435522 0.402254
vt 0.427828 0.411174
vt 0.419706 0.419706
vt 0.411174 0.427828
vt 0.402254 0.435522
vt 0.392968 0.442770
vt 0.383337 0.449553
vt 0.373385 0.455855
vt 0.363135 0.461661
vt 0.352613 0.466957
vt 0.341844 0.471731
vt 0.330854 0.475971
vt 0.319668 0.479666
vt 0.308315 0.482808
vt 0.296822 0.485388
vt 0.285215 0.487402
vt 0.276411 0.428052
vt 0.285116 0.426541
vt 0.293736 0.424606
vt 0.302251 0.422249
vt 0.310640 0.419478
vt 0.318883 0.416298
vt 0.326960 0.412718
vt 0.334851 0.408746
vt 0.342539 0.404391
vt 0.350003 0.399665
vt 0.357226 0.394577
vt 0.364191 0.389142
vt 0.370881 0.383371
vt 0.377279 0.377279
vt 0.383371 0.370881
vt 0.389142 0.364191
vt 0.394577 0.357226
vt 0.399664 0.350003
vt 0.404391 0.342538
vt 0.408746 0.334851
vt 0.412718 0.326960
vt 0.416298 0.318883
vt 0.419478 0.310640
vt 0.422249 0.302251
vt 0.424606 0.293736
vt 0.426541 0.285116
vt 0.428052 0.276411
vt 0.429133 0.267643
vt 0.429783 0.258832
vt 0.430000 0.250000
vt 0.429783 0.241168
vt 0.429133 0.232357
vt 0.428052 0.223588
vt 0.426541 0.214884
vt 0.424605 0.206264
vt 0.422249 0.197749
vt 0.419478 0.189360
vt 0.416298 0.181117
vt 0.412718 0.173040
vt 0.408746 0.165149
vt 0.404391 0.157461
vt 0.399664 0.149997
vt 0.394577 0.142774
vt 0.389142 0.135809
vt 0.383371 0.129119
vt 0.377279 0.122721
vt 0.370881 0.116629
vt 0.364191 0.110858
vt 0.357226 0.105423
vt 0.350003 0.100335
vt 0.342538 0.095609
vt 0.334851 0.091254
vt 0.326960 0.087282
vt 0.318883 0.083702
vt 0.310640 0.080522
vt 0.302251 0.077751
vt 0.293736 0.075394
vt 0.285116 0.073459
vt 0.276411 0.071948
vt 0.267643 0.070867
vt 0.258832 0.070217
vt 0.250000 0.070000
vt 0.241168 0.070217
vt 0.232357 0.070867
vt 0.223588 0.071948
vt 0.214884 0.073459
vt 0.206264 0.075394
vt 0.197749 0.077751
vt 0.189360 0.080522
vt 0.181117 0.083702
vt 0.173040 0.087282
vt 0.165149 0.091254
vt 0.157461 0.095609
vt 0.149997 0.100335
vt 0.142774 0.105423
vt 0.135809 0.110858
vt 0.129119 0.116629
vt 0.122721 0.122721
vt 0.116629 0.129119
vt 0.110858 0.135809
vt 0.105423 0.142774
vt 0.100336 0.149997
vt 0.095609 0.157461
vt 0.091254 0.165149
vt 0.087282 0.173040
vt 0.083702 0.181117
vt 0.080522 0.189360
vt 0.077751 0.197749
vt 0.075394 0.206264
vt 0.073459 0.214884
vt 0.071948 0.223588
vt 0.070867 0.232357
vt 0.070217 0.241168
vt 0.070000 0.250000
vt 0.070217 0.258832
vt 0.010289 0.261776
vt 0.010000 0.250000
vt 0.010289 0.238224
vt 0.011156 0.226476
vt 0.012598 0.214785
vt 0.014612 0.203178
vt 0.017192 0.191685
vt 0.020334 0.180332
vt 0.024029 0.169146
vt 0.028269 0.158156
vt 0.033043 0.147387
vt 0.038339 0.136865
vt 0.044145 0.126615
vt 0.050447 0.116663
vt 0.057230 0.107032
vt 0.064478 0.097746
vt 0.072172 0.088826
vt 0.080294 0.080294
vt 0.088826 0.072172
vt 0.097746 0.064478
vt 0.107032 0.057230
vt 0.116663 0.050447
vt 0.126615 0.044145
vt 0.136865 0.038339
vt 0.147387 0.033043
vt 0.158156 0.028269
vt 0.169146 0.024029
vt 0.180332 0.020334
vt 0.191685 0.017192
vt 0.203178 0.014612
vt 0.214785 0.012598
vt 0.226476 0.011156
vt 0.238224 0.010289
vt 0.250000 0.010000
vt 0.261776 0.010289
vt 0.273524 0.011156
vt 0.285215 0.012598
vt 0.296822 0.014612
vt 0.308315 0.017192
vt 0.319668 0.020334
vt 0.330854 0.024029
vt 0.341844 0.028269
vt 0.352613 0.033043
vt 0.363135 0.038339
vt 0.373385 0.044145
vt 0.383337 0.050447
vt 0.392968 0.057230
vt 0.402254 0.064478
vt 0.411174 0.072172
vt 0.419706 0.080294
vt 0.427828 0.088826
vt 0.435522 0.097746
vt 0.442770 0.107032
vt 0.449553 0.116663
vt 0.455855 0.126615
vt 0.461661 0.136865
vt 0.466957 0.147387
vt 0.471731 0.158156
vt 0.475971 0.169146
vt 0.479666 0.180332
vt 0.482808 0.191685
vt 0.485388 0.203178
vt 0.487402 0.214785
vt 0.488844 0.226476
vt 0.489711 0.238224
vt 0.490000 0.250000
vt 0.489711 0.261776
vt 0.488844 0.273524
vt 0.487402 0.285215
vt 0.485388 0.296822
vt 0.482808 0.308315
vt 0.479666 0.319668
vt 0.475971 0.330854
vt 0.471731 0.341844
vt 0.466957 0.352613
vt 0.461661 0.363135
vt 0.455855 0.373385
vt 0.449553 0.383337
vt 0.442770 0.392968
vt 0.007812 1.000000
vt 0.007812 0.500000
vt 0.000000 1.000000
vt 0.000000 0.500000
vt 0.738224 0.489711
vt 0.750000 0.490000
vt 0.761776 0.489711
vt 0.773524 0.488844
vt 0.785215 0.487402
vt 0.796822 0.485388
vt 0.808315 0.482808
vt 0.819668 0.479666
vt 0.830854 0.475971
vt 0.841844 0.471731
vt 0.852613 0.466957
vt 0.863135 0.461661
vt 0.873385 0.455855
vt 0.883337 0.449553
vt 0.892968 0.442770
vt 0.902254 0.435522
vt 0.911174 0.427828
vt 0.870880 0.383371
vt 0.864191 0.389142
vt 0.857226 0.394577
vt 0.850003 0.399664
vt 0.842539 0.404391
vt 0.834851 0.408746
vt 0.826960 0.412718
vt 0.818883 0.416298
vt 0.810640 0.419478
vt 0.802252 0.422249
vt 0.793736 0.424606
vt 0.785116 0.426541
vt 0.776411 0.428052
vt 0.767644 0.429133
vt 0.758832 0.429783
vt 0.750000 0.430000
vt 0.741168 0.429783
vt 0.732357 0.429133
vt 0.723588 0.428052
vt 0.714884 0.426541
vt 0.706264 0.424606
vt 0.697749 0.422249
vt 0.689360 0.419478
vt 0.681117 0.416298
vt 0.673040 0.412718
vt 0.665148 0.408746
vt 0.657462 0.404391
vt 0.649997 0.399664
vt 0.642774 0.394577
vt 0.635809 0.389142
vt 0.629119 0.383371
vt 0.622721 0.377279
vt 0.616629 0.370881
vt 0.572172 0.411174
vt 0.580294 0.419706
vt 0.588826 0.427828
vt 0.597746 0.435522
vt 0.607032 0.442770
vt 0.616663 0.449553
vt 0.626615 0.455855
vt 0.636865 0.461661
vt 0.647387 0.466957
vt 0.658156 0.471731
vt 0.669146 0.475971
vt 0.680332 0.479666
vt 0.691685 0.482808
vt 0.703178 0.485388
vt 0.714785 0.487402
vt 0.726476 0.488844
vt 0.919706 0.419706
vt 0.927828 0.411174
vt 0.935522 0.402254
vt 0.942770 0.392968
vt 0.949553 0.383337
vt 0.955855 0.373385
vt 0.961661 0.363135
vt 0.966957 0.352613
vt 0.971731 0.341844
vt 0.975971 0.330854
vt 0.979666 0.319668
vt 0.982808 0.308315
vt 0.985388 0.296822
vt 0.987402 0.285215
vt 0.988844 0.273524
vt 0.989711 0.261776
vt 0.990000 0.250000
vt 0.989711 0.238224
vt 0.988844 0.226476
vt 0.987402 0.214785
vt 0.985388 0.203178
vt 0.982808 0.191685
vt 0.979666 0.180332
vt 0.975971 0.169146
vt 0.971731 0.158156
vt 0.966957 0.147387
vt 0.961661 0.136865
vt 0.955855 0.126615
vt 0.949553 0.116663
vt 0.942770 0.107032
vt 0.935522 0.097746
vt 0.927828 0.088826
vt 0.919706 0.080294
vt 0.911174 0.072172
vt 0.902254 0.064478
vt 0.892968 0.057230
vt 0.883337 0.050447
vt 0.873385 0.044145
vt 0.863135 0.038339
vt 0.852613 0.033043
vt 0.841844 0.028269
vt 0.830854 0.024029
vt 0.819668 0.020334
vt 0.808315 0.017192
vt 0.796822 0.014612
vt 0.785215 0.012598
vt 0.773524 0.011156
vt 0.761776 0.010289
vt 0.750000 0.010000
vt 0.738224 0.010289
vt 0.726476 0.011156
vt 0.714785 0.012598
vt 0.703178 0.014612
vt 0.691685 0.017192
vt 0.680332 0.020334
vt 0.669146 0.024029
vt 0.658156 0.028269
vt 0.647387 0.033043
vt 0.636865 0.038339
vt 0.626615 0.044145
vt 0.616663 0.050447
vt 0.607032 0.057230
vt 0.597746 0.064478
vt 0.588826 0.072172
vt 0.580294 0.080294
vt 0.572172 0.088826
vt 0.564478 0.097746
vt 0.557230 0.107032
vt 0.550447 0.116663
vt 0.544145 0.126615
vt 0.538339 0.136865
vt 0.533043 0.147387
vt 0.528269 0.158156
vt 0.524029 0.169146
vt 0.520334 0.180332
vt 0.517192 0.191685
vt 0.514612 0.203178
vt 0.512598 0.214785
vt 0.511156 0.226476
vt 0.510289 0.238224
vt 0.510000 0.250000
vt 0.510289 0.261776
vt 0.511156 0.273524
vt 0.512598 0.285215
vt 0.514612 0.296822
vt 0.517192 0.308315
vt 0.520334 0.319668
vt 0.524029 0.330854
vt 0.528269 0.341844
vt 0.533043 0.352613
vt 0.538339 0.363135
vt 0.544145 0.373385
vt 0.550447 0.383337
vt 0.557230 0.392968
vt 0.564478 0.402254
vt 0.610858 0.364191
vt 0.605422 0.357226
vt 0.600335 0.350003
vt 0.595609 0.342538
vt 0.591254 0.334851
vt 0.587282 0.326960
vt 0.583702 0.318883
vt 0.580522 0.310640
vt 0.577751 0.302251
vt 0.575394 0.293736
vt 0.573459 0.285116
vt 0.571948 0.276411
vt 0.570867 0.267643
vt 0.570217 0.258832
vt 0.570000 0.250000
vt 0.570217 0.241168
vt 0.570867 0.232357
vt 0.571948 0.223588
vt 0.573458 0.214884
vt 0.575394 0.206264
vt 0.577751 0.197749
vt 0.580522 0.189360
vt 0.583702 0.181117
vt 0.587282 0.173040
vt 0.591254 0.165149
vt 0.595609 0.157461
vt 0.600335 0.149997
vt 0.605422 0.142774
vt 0.610858 0.135809
vt 0.616629 0.129119
vt 0.622721 0.122721
vt 0.629119 0.116629
vt 0.635809 0.110858
vt 0.642774 0.105423
vt 0.649997 0.100335
vt 0.657461 0.095609
vt 0.665149 0.091254
vt 0.673040 0.087282
vt 0.681117 0.083702
vt 0.689360 0.080522
vt 0.697749 0.077751
vt 0.706264 0.075394
vt 0.714884 0.073459
vt 0.723588 0.071948
vt 0.732357 0.070867
vt 0.741168 0.070217
vt 0.750000 0.070000
vt 0.758832 0.070217
vt 0.767643 0.070867
vt 0.776412 0.071948
vt 0.785116 0.073459
vt 0.793736 0.075394
vt 0.802252 0.077751
vt 0.810640 0.080522
vt 0.818883 0.083702
vt 0.826960 0.087282
vt 0.834851 0.091254
vt 0.842539 0.095609
vt 0.850003 0.100335
vt 0.857226 0.105423
vt 0.864191 0.110858
vt 0.870881 0.116629
vt 0.877279 0.122721
vt 0.883371 0.129119
vt 0.889142 0.135809
vt 0.894577 0.142774
vt 0.899664 0.149997
vt 0.904391 0.157461
vt 0.908746 0.165148
vt 0.912718 0.173040
vt 0.916299 0.181117
vt 0.919478 0.189360
vt 0.922249 0.197749
vt 0.924606 0.206264
vt 0.926541 0.214884
vt 0.928051 0.223588
vt 0.929133 0.232357
vt 0.929783 0.241168
vt 0.930000 0.250000
vt 0.929783 0.258832
vt 0.929133 0.267643
vt 0.928052 0.276412
vt 0.926541 0.285116
vt 0.924606 0.293737
vt 0.922249 0.302251
vt 0.919478 0.310640
vt 0.916298 0.318883
vt 0.912718 0.326960
vt 0.908746 0.334851
vt 0.904391 0.342538
vt 0.899664 0.350003
vt 0.894577 0.357226
vt 0.889142 0.364191
vt 0.883371 0.370881
vt 0.877279 0.377279
vt 0.992188 0.519231
vt 0.992188 0.980769
vt 1.000000 0.980769
vt 1.000000 0.519231
vt 0.984375 0.519231
vt 0.984375 0.980769
vt 0.976563 0.519231
vt 0.976562 0.980769
vt 0.968750 0.519231
vt 0.968750 0.980769
vt 0.960938 0.519231
vt 0.960938 0.980769
vt 0.953125 0.519231
vt 0.953125 0.980769
vt 0.945313 0.519231
vt 0.945312 0.980769
vt 0.937500 0.519231
vt 0.937500 0.980769
vt 0.929688 0.519231
vt 0.929688 0.980769
vt 0.921875 0.519231
vt 0.921875 0.980769
vt 0.914062 0.519231
vt 0.914062 0.980769
vt 0.906250 0.519231
vt 0.906250 0.980769
vt 0.898438 0.519231
vt 0.898438 0.980769
vt 0.890625 0.519231
vt 0.890625 0.980769
vt 0.882812 0.519231
vt 0.882812 0.980769
vt 0.875000 0.519231
vt 0.875000 0.980769
vt 0.867188 0.980769
vt 0.867188 0.519231
vt 0.859375 0.980769
vt 0.859375 0.519231
vt 0.851562 0.980769
vt 0.851562 0.519231
vt 0.843750 0.980769
vt 0.843750 0.519231
vt 0.835938 0.980769
vt 0.835938 0.519231
vt 0.828125 0.980769
vt 0.828125 0.519231
vt 0.820312 0.980769
vt 0.820312 0.519231
vt 0.812500 0.980769
vt 0.812500 0.519231
vt 0.804688 0.980769
vt 0.804688 0.519231
vt 0.796875 0.980769
vt 0.796875 0.519231
vt 0.789062 0.980769
vt 0.789062 0.519231
vt 0.781250 0.980769
vt 0.781250 0.519231
vt 0.773438 0.980769
vt 0.773438 0.519231
vt 0.765625 0.980769
vt 0.765625 0.519231
vt 0.757812 0.980769
vt 0.757812 0.519231
vt 0.750000 0.980769
vt 0.750000 0.519231
vt 0.742188 0.980769
vt 0.742188 0.519231
vt 0.734375 0.980769
vt 0.734375 0.519231
vt 0.726562 0.980769
vt 0.726562 0.519231
vt 0.718750 0.980769
vt 0.718750 0.519231
vt 0.710938 0.980769
vt 0.710938 0.519231
vt 0.703125 0.980769
vt 0.703125 0.519231
vt 0.695312 0.980769
vt 0.695312 0.519231
vt 0.687500 0.980769
vt 0.687500 0.519231
vt 0.679688 0.980769
vt 0.679688 0.519231
vt 0.671875 0.980769
vt 0.671875 0.519231
vt 0.664062 0.980769
vt 0.664062 0.519231
vt 0.656250 0.980769
vt 0.656250 0.519231
vt 0.648438 0.980769
vt 0.648438 0.519231
vt 0.640625 0.980769
vt 0.640625 0.519231
vt 0.632812 0.980769
vt 0.632813 0.519231
vt 0.625000 0.980769
vt 0.625000 0.519231
vt 0.617188 0.980769
vt 0.617188 0.519231
vt 0.609375 0.980769
vt 0.609375 0.519231
vt 0.601562 0.980769
vt 0.601563 0.519231
vt 0.593750 0.980769
vt 0.593750 0.519231
vt 0.585938 0.980769
vt 0.585938 0.519231
vt 0.578125 0.980769
vt 0.578125 0.519231
vt 0.570312 0.980769
vt 0.570312 0.519231
vt 0.562500 0.980769
vt 0.562500 0.519231
vt 0.554688 0.980769
vt 0.554688 0.519231
vt 0.546875 0.980769
vt 0.546875 0.519231
vt 0.539062 0.980769
vt 0.539062 0.519231
vt 0.531250 0.980769
vt 0.531250 0.519231
vt 0.523438 0.980769
vt 0.523438 0.519231
vt 0.515625 0.980769
vt 0.515625 0.519231
vt 0.507812 0.980769
vt 0.507812 0.519231
vt 0.500000 0.980769
vt 0.500000 0.519231
vt 0.492188 0.980769
vt 0.492188 0.519231
vt 0.484375 0.980769
vt 0.484375 0.519231
vt 0.476562 0.980769
vt 0.476562 0.519231
vt 0.468750 0.980769
vt 0.468750 0.519231
vt 0.460938 0.980769
vt 0.460938 0.519231
vt 0.453125 0.980769
vt 0.453125 0.519231
vt 0.445312 0.980769
vt 0.445312 0.519231
vt 0.437500 0.980769
vt 0.437500 0.519231
vt 0.429688 0.980769
vt 0.429688 0.519231
vt 0.421875 0.980769
vt 0.421875 0.519231
vt 0.414062 0.980769
vt 0.414062 0.519231
vt 0.406250 0.980769
vt 0.406250 0.519231
vt 0.398438 0.980769
vt 0.398438 0.519231
vt 0.390625 0.980769
vt 0.390625 0.519231
vt 0.382812 0.980769
vt 0.382812 0.519231
vt 0.375000 0.980769
vt 0.375000 0.519231
vt 0.367188 0.519231
vt 0.367188 0.980769
vt 0.359375 0.519231
vt 0.359375 0.980769
vt 0.351563 0.519231
vt 0.351562 0.980769
vt 0.343750 0.519231
vt 0.343750 0.980769
vt 0.335938 0.519231
vt 0.335938 0.980769
vt 0.328125 0.519231
vt 0.328125 0.980769
vt 0.320312 0.519231
vt 0.320312 0.980769
vt 0.312500 0.519231
vt 0.312500 0.980769
vt 0.304688 0.519231
vt 0.304688 0.980769
vt 0.296875 0.519231
vt 0.296875 0.980769
vt 0.289062 0.519231
vt 0.289062 0.980769
vt 0.281250 0.519231
vt 0.281250 0.980769
vt 0.273438 0.519231
vt 0.273438 0.980769
vt 0.265625 0.519231
vt 0.265625 0.980769
vt 0.257812 0.519231
vt 0.257812 0.980769
vt 0.250000 0.519231
vt 0.250000 0.980769
vt 0.242188 0.519231
vt 0.242188 0.980769
vt 0.234375 0.519231
vt 0.234375 0.980769
vt 0.226563 0.519231
vt 0.226562 0.980769
vt 0.218750 0.519231
vt 0.218750 0.980769
vt 0.210938 0.519231
vt 0.210938 0.980769
vt 0.203125 0.519231
vt 0.203125 0.980769
vt 0.195312 0.519231
vt 0.195312 0.980769
vt 0.187500 0.519231
vt 0.187500 0.980769
vt 0.179688 0.519231
vt 0.179688 0.980769
vt 0.171875 0.519231
vt 0.171875 0.980769
vt 0.164062 0.519231
vt 0.164062 0.980769
vt 0.156250 0.519231
vt 0.156250 0.980769
vt 0.148438 0.519231
vt 0.148438 0.980769
vt 0.140625 0.519231
vt 0.140625 0.980769
vt 0.132812 0.519231
vt 0.132812 0.980769
vt 0.125000 0.519231
vt 0.125000 0.980769
vt 0.117188 0.519231
vt 0.117188 0.980769
vt 0.109375 0.519231
vt 0.109375 0.980769
vt 0.101562 0.519231
vt 0.101562 0.980769
vt 0.093750 0.519231
vt 0.093750 0.980769
vt 0.085938 0.519231
vt 0.085938 0.980769
vt 0.078125 0.519231
vt 0.078125 0.980769
vt 0.070313 0.519231
vt 0.070312 0.980769
vt 0.062500 0.519231
vt 0.062500 0.980769
vt 0.054688 0.519231
vt 0.054688 0.980769
vt 0.046875 0.519231
vt 0.046875 0.980769
vt 0.039062 0.519231
vt 0.039062 0.980769
vt 0.031250 0.519231
vt 0.031250 0.980769
vt 0.023438 0.519231
vt 0.023438 0.980769
vt 0.015625 0.519231
vt 0.015625 0.980769
vt 0.007812 0.519231
vt 0.007812 0.980769
vt 0.000000 0.519231
vt 0.000000 0.980769
s 0
usemtl SilverMaterial
f 257/515/131 258/516/131 260/517/131 259/518/131
f 259/518/132 260/517/132 262/519/132 261/520/132
f 261/520/133 262/519/133 264/521/133 263/522/133
f 263/522/134 264/521/134 266/523/134 265/524/134
f 265/524/135 266/523/135 268/525/135 267/526/135
f 267/526/136 268/525/136 270/527/136 269/528/136
f 269/528/137 270/527/137 272/529/137 271/530/137
f 271/530/138 272/529/138 274/531/138 273/532/138
f 273/532/139 274/531/139 276/533/139 275/534/139
f 275/534/140 276/533/140 278/535/140 277/536/140
f 277/536/141 278/535/141 280/537/141 279/538/141
f 279/538/142 280/537/142 282/539/142 281/540/142
f 281/540/143 282/539/143 284/541/143 283/542/143
f 283/542/144 284/541/144 286/543/144 285/544/144
f 285/544/145 286/543/145 288/545/145 287/546/145
f 287/546/146 288/545/146 290/547/146 289/548/146
f 289/548/147 290/547/147 292/549/147 291/550/147
f 291/550/148 292/549/148 294/551/148 293/552/148
f 293/552/149 294/551/149 296/553/149 295/554/149
f 295/554/150 296/553/150 298/555/150 297/556/150
f 297/556/151 298/555/151 300/557/151 299/558/151
f 299/558/152 300/557/152 302/559/152 301/560/152
f 301/560/153 302/559/153 304/561/153 303/562/153
f 303/562/154 304/561/154 306/563/154 305/564/154
f 305/564/155 306/563/155 308/565/155 307/566/155
f 307/566/156 308/565/156 310/567/156 309/568/156
f 309/568/157 310/567/157 312/569/157 311/570/157
f 311/570/158 312/569/158 314/571/158 313/572/158
f 313/572/159 314/571/159 316/573/159 315/574/159
f 315/574/160 316/573/160 318/575/160 317/576/160
f 317/576/161 318/575/161 320/577/161 319/578/161
f 319/578/162 320/577/162 322/579/162 321/580/162
f 321/580/163 322/579/163 324/581/163 323/582/163
f 323/582/164 324/581/164 326/583/164 325/584/164
f 325/584/165 326/583/165 328/585/165 327/586/165
f 327/586/166 328/585/166 330/587/166 329/588/166
f 329/588/167 330/587/167 332/589/167 331/590/167
f 331/590/168 332/589/168 334/591/168 333/592/168
f 333/592/169 334/591/169 336/593/169 335/594/169
f 335/594/170 336/593/170 338/595/170 337/596/170
f 337/596/171 338/595/171 340/597/171 339/598/171
f 339/598/172 340/597/172 342/599/172 341/600/172
f 341/600/173 342/599/173 344/601/173 343/602/173
f 343/602/174 344/601/174 346/603/174 345/604/174
f 345/604/175 346/603/175 348/605/175 347/606/175
f 347/606/176 348/605/176 350/607/176 349/608/176
f 349/608/177 350/607/177 352/609/177 351/610/177
f 351/610/178 352/609/178 354/611/178 353/612/178
f 353/612/179 354/611/179 356/613/179 355/614/179
f 355/614/180 356/613/180 358/615/180 357/616/180
f 357/616/181 358/615/181 360/617/181 359/618/181
f 359/618/182 360/617/182 362/619/182 361/620/182
f 361/620/183 362/619/183 364/621/183 363/622/183
f 363/622/184 364/621/184 366/623/184 365/624/184
f 365/624/185 366/623/185 368/625/185 367/626/185
f 367/626/186 368/625/186 370/627/186 369/628/186
f 369/628/187 370/627/187 372/629/187 371/630/187
f 371/630/188 372/629/188 374/631/188 373/632/188
f 373/632/189 374/631/189 376/633/189 375/634/189
f 375/634/190 376/633/190 378/635/190 377/636/190
f 377/636/191 378/635/191 380/637/191 379/638/191
f 379/638/192 380/637/192 382/639/192 381/640/192
f 381/640/193 382/639/193 384/641/193 383/642/193
f 383/642/194 384/641/194 386/643/194 385/644/194
f 385/644/195 386/643/195 388/645/195 387/646/195
f 387/646/196 388/645/196 390/647/196 389/648/196
f 389/648/197 390/647/197 392/649/197 391/650/197
f 391/650/198 392/649/198 394/651/198 393/652/198
f 393/652/199 394/651/199 396/653/199 395/654/199
f 395/654/200 396/653/200 398/655/200 397/656/200
f 397/656/201 398/655/201 400/657/201 399/658/201
f 399/658/202 400/657/202 402/659/202 401/660/202
f 401/660/203 402/659/203 404/661/203 403/662/203
f 403/662/204 404/661/204 406/663/204 405/664/204
f 405/664/205 406/663/205 408/665/205 407/666/205
f 407/666/206 408/665/206 410/667/206 409/668/206
f 409/668/207 410/667/207 412/669/207 411/670/207
f 411/670/208 412/669/208 414/671/208 413/672/208
f 413/672/209 414/671/209 416/673/209 415/674/209
f 415/674/210 416/673/210 418/675/210 417/676/210
f 417/676/211 418/675/211 420/677/211 419/678/211
f 419/678/212 420/677/212 422/679/212 421/680/212
f 421/680/213 422/679/213 424/681/213 423/682/213
f 423/682/214 424/681/214 426/683/214 425/684/214
f 425/684/215 426/683/215 428/685/215 427/686/215
f 427/686/216 428/685/216 430/687/216 429/688/216
f 429/688/217 430/687/217 432/689/217 431/690/217
f 431/690/218 432/689/218 434/691/218 433/692/218
f 433/692/219 434/691/219 436/693/219 435/694/219
f 435/694/220 436/693/220 438/695/220 437/696/220
f 437/696/221 438/695/221 440/697/221 439/698/221
f 439/698/222 440/697/222 442/699/222 441/700/222
f 441/700/223 442/699/223 444/701/223 443/702/223
f 443/702/224 444/701/224 446/703/224 445/704/224
f 445/704/225 446/703/225 448/705/225 447/706/225
f 447/706/226 448/705/226 450/707/226 449/708/226
f 449/708/227 450/707/227 452/709/227 451/710/227
f 451/710/228 452/709/228 454/711/228 453/712/228
f 453/712/229 454/711/229 456/713/229 455/714/229
f 455/714/230 456/713/230 458/715/230 457/716/230
f 457/716/231 458/715/231 460/717/231 459/718/231
f 459/718/232 460/717/232 462/719/232 461/720/232
f 461/720/233 462/719/233 464/721/233 463/722/233
f 463/722/234 464/721/234 466/723/234 465/724/234
f 465/724/235 466/723/235 468/725/235 467/726/235
f 467/726/236 468/725/236 470/727/236 469/728/236
f 469/728/237 470/727/237 472/729/237 471/730/237
f 471/730/238 472/729/238 474/731/238 473/732/238
f 473/732/239 474/731/239 476/733/239 475/734/239
f 475/734/240 476/733/240 478/735/240 477/736/240
f 477/736/241 478/735/241 480/737/241 479/738/241
f 479/738/242 480/737/242 482/739/242 481/740/242
f 481/740/243 482/739/243 484/741/243 483/742/243
f 483/742/244 484/741/244 486/743/244 485/744/244
f 485/744/245 486/743/245 488/745/245 487/746/245
f 487/746/246 488/745/246 490/747/246 489/748/246
f 489/748/247 490/747/247 492/749/247 491/750/247
f 491/750/248 492/749/248 494/751/248 493/752/248
f 493/752/249 494/751/249 496/753/249 495/754/249
f 495/754/250 496/753/250 498/755/250 497/756/250
f 497/756/251 498/755/251 500/757/251 499/758/251
f 499/758/252 500/757/252 502/759/252 501/760/252
f 501/760/253 502/759/253 504/761/253 503/762/253
f 503/762/254 504/761/254 506/763/254 505/764/254
f 505/764/255 506/763/255 508/765/255 507/766/255
f 507/766/256 508/765/256 510/767/256 509/768/256
f 482/769/257 480/770/257 478/771/257 476/772/257 474/773/257 472/774/257 470/775/257 468/776/257 466/777/257 464/778/257 462/779/257 460/780/257 458/781/257 456/782/257 454/783/257 569/784/257 573/785/257 571/786/257 583/787/257 577/788/257 582/789/257 578/790/257 581/791/257 579/792/257 580/793/257 513/794/257 514/795/257 515/796/257 517/797/257 516/798/257 518/799/257 519/800/257 521/801/257 520/802/257 525/803/257 522/804/257 524/805/257 523/806/257 591/807/257 589/808/257 602/809/257 592/810/257 595/811/257 600/812/257 596/813/257 599/814/257 597/815/257 598/816/257 262/817/257 260/818/257 258/819/257 512/820/257 510/821/257 508/822/257 506/823/257 504/824/257 502/825/257 500/826/257 498/827/257 496/828/257 494/829/257 492/830/257 490/831/257 488/832/257 486/833/257 484/834/257
f 294/835/257 292/836/257 290/837/257 288/838/257 286/839/257 284/840/257 282/841/257 280/842/257 278/843/257 276/844/257 274/845/257 272/846/257 270/847/257 268/848/257 266/849/257 264/850/257 262/817/257 598/816/257 608/851/257 609/852/257 615/853/257 613/854/257 620/855/257 618/856/257 617/857/257 616/858/257 640/859/257 553/860/257 552/861/257 557/862/257 554/863/257 556/864/257 555/865/257 564/866/257 558/867/257 560/868/257 559/869/257 563/870/257 561/871/257 562/872/257 627/873/257 625/874/257 639/875/257 631/876/257 638/877/257 632/878/257 635/879/257 633/880/257 634/881/257 636/882/257 629/883/257 630/884/257 637/885/257 624/886/257 626/887/257 628/888/257 622/889/257 623/890/257 621/891/257 549/892/257 548/893/257 550/894/257 546/895/257 547/896/257 545/897/257 551/898/257 542/899/257 543/900/257 541/901/257 544/902/257 539/903/257 540/904/257 619/905/257 614/906/257 612/907/257 610/908/257 607/909/257 611/910/257 605/911/257 606/912/257 603/913/257 604/914/257 593/915/257 594/916/257 587/917/257 588/918/257 590/919/257 585/920/257 586/921/257 584/922/257 601/923/257 536/924/257 535/925/257 537/926/257 533/927/257 534/928/257 532/929/257 538/930/257 529/931/257 530/932/257 528/933/257 531/934/257 526/935/257 527/936/257 575/937/257 576/938/257 574/939/257 572/940/257 570/941/257 567/942/257 565/943/257 566/944/257 568/945/257 569/784/257 454/783/257 452/946/257 450/947/257 448/948/257 446/949/257 444/950/257 442/951/257 440/952/257 438/953/257 436/954/257 434/955/257 432/956/257 430/957/257 428/958/257 426/959/257 424/960/257 422/961/257 420/962/257 418/963/257 416/964/257 414/965/257 412/966/257 410/967/257 408/968/257 406/969/257 404/970/257 402/971/257 400/972/257 398/973/257 396/974/257 394/975/257 392/976/257 390/977/257 388/978/257 386/979/257 384/980/257 382/981/257 380/982/257 378/983/257 376/984/257 374/985/257 372/986/257 370/987/257 368/988/257 366/989/257 364/990/257 362/991/257 360/992/257 358/993/257 356/994/257 354/995/257 352/996/257 350/997/257 348/998/257 346/999/257 344/1000/257 342/1001/257 340/1002/257 338/1003/257 336/1004/257 334/1005/257 332/1006/257 330/1007/257 328/1008/257 326/1009/257 324/1010/257 322/1011/257 320/1012/257 318/1013/257 316/1014/257 314/1015/257 312/1016/257 310/1017/257 308/1018/257 306/1019/257 304/1020/257 302/1021/257 300/1022/257 298/1023/257 296/1024/257
f 509/768/258 510/767/258 512/1025/258 511/1026/258
f 511/1026/259 512/1025/259 258/1027/259 257/1028/259
f 511/1029/260 257/1030/260 259/1031/260 261/1032/260 263/1033/260 265/1034/260 267/1035/260 269/1036/260 271/1037/260 273/1038/260 275/1039/260 277/1040/260 279/1041/260 281/1042/260 283/1043/260 285/1044/260 287/1045/260 653/1046/260 644/1047/260 645/1048/260 643/1049/260 646/1050/260 641/1051/260 642/1052/260 708/1053/260 710/1054/260 705/1055/260 702/1056/260 701/1057/260 698/1058/260 700/1059/260 695/1060/260 693/1061/260 761/1062/260 765/1063/260 760/1064/260 766/1065/260 753/1066/260 755/1067/260 757/1068/260 752/1069/260 750/1070/260 768/1071/260 690/1072/260 689/1073/260 691/1074/260 687/1075/260 688/1076/260 686/1077/260 692/1078/260 479/1079/260 481/1080/260 483/1081/260 485/1082/260 487/1083/260 489/1084/260 491/1085/260 493/1086/260 495/1087/260 497/1088/260 499/1089/260 501/1090/260 503/1091/260 505/1092/260 507/1093/260 509/1094/260
f 653/1046/260 287/1045/260 289/1095/260 291/1096/260 293/1097/260 295/1098/260 297/1099/260 299/1100/260 301/1101/260 303/1102/260 305/1103/260 307/1104/260 309/1105/260 311/1106/260 313/1107/260 315/1108/260 317/1109/260 319/1110/260 321/1111/260 323/1112/260 325/1113/260 327/1114/260 329/1115/260 331/1116/260 333/1117/260 335/1118/260 337/1119/260 339/1120/260 341/1121/260 343/1122/260 345/1123/260 347/1124/260 349/1125/260 351/1126/260 353/1127/260 355/1128/260 357/1129/260 359/1130/260 361/1131/260 363/1132/260 365/1133/260 367/1134/260 369/1135/260 371/1136/260 373/1137/260 375/1138/260 377/1139/260 379/1140/260 381/1141/260 383/1142/260 385/1143/260 387/1144/260 389/1145/260 391/1146/260 393/1147/260 395/1148/260 397/1149/260 399/1150/260 401/1151/260 403/1152/260 405/1153/260 407/1154/260 409/1155/260 411/1156/260 413/1157/260 415/1158/260 417/1159/260 419/1160/260 421/1161/260 423/1162/260 425/1163/260 427/1164/260 429/1165/260 431/1166/260 433/1167/260 435/1168/260 437/1169/260 439/1170/260 441/1171/260 443/1172/260 445/1173/260 447/1174/260 449/1175/260 451/1176/260 453/1177/260 455/1178/260 457/1179/260 459/1180/260 461/1181/260 463/1182/260 465/1183/260 467/1184/260 469/1185/260 471/1186/260 473/1187/260 475/1188/260 477/1189/260 479/1079/260 692/1078/260 683/1190/260 684/1191/260 682/1192/260 685/1193/260 680/1194/260 681/1195/260 748/1196/260 741/1197/260 743/1198/260 749/1199/260 739/1200/260 736/1201/260 735/1202/260 734/1203/260 732/1204/260 731/1205/260 733/1206/260 738/1207/260 737/1208/260 740/1209/260 742/1210/260 747/1211/260 746/1212/260 744/1213/260 745/1214/260 667/1215/260 668/1216/260 669/1217/260 671/1218/260 670/1219/260 672/1220/260 673/1221/260 675/1222/260 674/1223/260 679/1224/260 676/1225/260 678/1226/260 677/1227/260 751/1228/260 756/1229/260 754/1230/260 767/1231/260 758/1232/260 759/1233/260 764/1234/260 763/1235/260 762/1236/260 694/1237/260 696/1238/260 697/1239/260 699/1240/260 704/1241/260 703/1242/260 709/1243/260 707/1244/260 706/1245/260 730/1246/260 655/1247/260 654/1248/260 659/1249/260 656/1250/260 658/1251/260 657/1252/260 666/1253/260 660/1254/260 662/1255/260 661/1256/260 665/1257/260 663/1258/260 664/1259/260 717/1260/260 715/1261/260 713/1262/260 727/1263/260 720/1264/260 728/1265/260 722/1266/260 724/1267/260 723/1268/260 725/1269/260 726/1270/260 719/1271/260 721/1272/260 729/1273/260 714/1274/260 716/1275/260 718/1276/260 712/1277/260 711/1278/260 651/1279/260 650/1280/260 652/1281/260 648/1282/260 649/1283/260 647/1284/260
f 695/1285/195 597/1286/195 599/1287/195 693/1288/195
f 700/1289/196 598/1290/196 597/1286/196 695/1285/196
f 698/1291/197 608/1292/197 598/1290/197 700/1289/197
f 701/1293/198 609/1294/198 608/1292/198 698/1291/198
f 702/1295/199 615/1296/199 609/1294/199 701/1293/199
f 705/1297/200 613/1298/200 615/1296/200 702/1295/200
f 710/1299/201 620/1300/201 613/1298/201 705/1297/201
f 708/1301/202 618/1302/202 620/1300/202 710/1299/202
f 642/1303/203 617/1304/203 618/1302/203 708/1301/203
f 641/1305/204 616/1306/204 617/1304/204 642/1303/204
f 646/1307/205 640/1308/205 616/1306/205 641/1305/205
f 643/1309/206 553/1310/206 640/1308/206 646/1307/206
f 645/1311/207 552/1312/207 553/1310/207 643/1309/207
f 644/1313/208 557/1314/208 552/1312/208 645/1311/208
f 653/1315/209 554/1316/209 557/1314/209 644/1313/209
f 647/1317/210 556/1318/210 554/1316/210 653/1315/210
f 555/1319/211 556/1318/211 647/1317/211 649/1320/211
f 564/1321/212 555/1319/212 649/1320/212 648/1322/212
f 558/1323/213 564/1321/213 648/1322/213 652/1324/213
f 560/1325/214 558/1323/214 652/1324/214 650/1326/214
f 559/1327/215 560/1325/215 650/1326/215 651/1328/215
f 563/1329/216 559/1327/216 651/1328/216 711/1330/216
f 561/1331/217 563/1329/217 711/1330/217 712/1332/217
f 562/1333/218 561/1331/218 712/1332/218 718/1334/218
f 627/1335/219 562/1333/219 718/1334/219 716/1336/219
f 625/1337/220 627/1335/220 716/1336/220 714/1338/220
f 639/1339/221 625/1337/221 714/1338/221 729/1340/221
f 631/1341/222 639/1339/222 729/1340/222 721/1342/222
f 638/1343/223 631/1341/223 721/1342/223 719/1344/223
f 632/1345/224 638/1343/224 719/1344/224 726/1346/224
f 635/1347/225 632/1345/225 726/1346/225 725/1348/225
f 633/1349/226 635/1347/226 725/1348/226 723/1350/226
f 634/1351/227 633/1349/227 723/1350/227 724/1352/227
f 636/1353/228 634/1351/228 724/1352/228 722/1354/228
f 629/1355/229 636/1353/229 722/1354/229 728/1356/229
f 630/1357/230 629/1355/230 728/1356/230 720/1358/230
f 637/1359/231 630/1357/231 720/1358/231 727/1360/231
f 624/1361/232 637/1359/232 727/1360/232 713/1362/232
f 626/1363/233 624/1361/233 713/1362/233 715/1364/233
f 628/1365/234 626/1363/234 715/1364/234 717/1366/234
f 622/1367/235 628/1365/235 717/1366/235 664/1368/235
f 623/1369/236 622/1367/236 664/1368/236 663/1370/236
f 621/1371/237 623/1369/237 663/1370/237 665/1372/237
f 549/1373/238 621/1371/238 665/1372/238 661/1374/238
f 548/1375/239 549/1373/239 661/1374/239 662/1376/239
f 550/1377/240 548/1375/240 662/1376/240 660/1378/240
f 546/1379/241 550/1377/241 660/1378/241 666/1380/241
f 547/1381/242 546/1379/242 666/1380/242 657/1382/242
f 545/1383/243 547/1381/243 657/1382/243 658/1384/243
f 551/1385/244 545/1383/244 658/1384/244 656/1386/244
f 542/1387/245 551/1385/245 656/1386/245 659/1388/245
f 543/1389/246 542/1387/246 659/1388/246 654/1390/246
f 541/1391/247 543/1389/247 654/1390/247 655/1392/247
f 544/1393/248 541/1391/248 655/1392/248 730/1394/248
f 539/1395/249 544/1393/249 730/1394/249 706/1396/249
f 540/1397/250 539/1395/250 706/1396/250 707/1398/250
f 619/1399/251 540/1397/251 707/1398/251 709/1400/251
f 614/1401/252 619/1399/252 709/1400/252 703/1402/252
f 612/1403/253 614/1401/253 703/1402/253 704/1404/253
f 610/1405/254 612/1403/254 704/1404/254 699/1406/254
f 607/1407/255 610/1405/255 699/1406/255 697/1408/255
f 611/1409/256 607/1407/256 697/1408/256 696/1410/256
f 605/1411/258 611/1409/258 696/1410/258 694/1412/258
f 606/1413/259 605/1411/259 694/1412/259 762/1414/259
f 603/1415/131 606/1413/131 762/1414/131 763/1416/131
f 604/1417/132 603/1415/132 763/1416/132 764/1418/132
f 593/1419/133 604/1417/133 764/1418/133 759/1420/133
f 594/1421/134 593/1419/134 759/1420/134 758/1422/134
f 587/1423/135 594/1421/135 758/1422/135 767/1424/135
f 588/1425/136 587/1423/136 767/1424/136 754/1426/136
f 590/1427/137 588/1425/137 754/1426/137 756/1428/137
f 585/1429/138 590/1427/138 756/1428/138 751/1430/138
f 586/1431/139 585/1429/139 751/1430/139 677/1432/139
f 584/1433/140 586/1431/140 677/1432/140 678/1434/140
f 601/1435/141 584/1433/141 678/1434/141 676/1436/141
f 536/1437/142 601/1435/142 676/1436/142 679/1438/142
f 535/1439/143 536/1437/143 679/1438/143 674/1440/143
f 537/1441/144 535/1439/144 674/1440/144 675/1442/144
f 533/1443/145 537/1441/145 675/1442/145 673/1444/145
f 534/1445/146 533/1443/146 673/1444/146 672/1446/146
f 670/1447/147 532/1448/147 534/1445/147 672/1446/147
f 671/1449/148 538/1450/148 532/1448/148 670/1447/148
f 669/1451/149 529/1452/149 538/1450/149 671/1449/149
f 668/1453/150 530/1454/150 529/1452/150 669/1451/150
f 667/1455/151 528/1456/151 530/1454/151 668/1453/151
f 745/1457/152 531/1458/152 528/1456/152 667/1455/152
f 744/1459/153 526/1460/153 531/1458/153 745/1457/153
f 746/1461/154 527/1462/154 526/1460/154 744/1459/154
f 747/1463/155 575/1464/155 527/1462/155 746/1461/155
f 742/1465/156 576/1466/156 575/1464/156 747/1463/156
f 740/1467/157 574/1468/157 576/1466/157 742/1465/157
f 737/1469/158 572/1470/158 574/1468/158 740/1467/158
f 738/1471/159 570/1472/159 572/1470/159 737/1469/159
f 733/1473/160 567/1474/160 570/1472/160 738/1471/160
f 731/1475/161 565/1476/161 567/1474/161 733/1473/161
f 732/1477/162 566/1478/162 565/1476/162 731/1475/162
f 734/1479/163 568/1480/163 566/1478/163 732/1477/163
f 735/1481/164 569/1482/164 568/1480/164 734/1479/164
f 736/1483/165 573/1484/165 569/1482/165 735/1481/165
f 739/1485/166 571/1486/166 573/1484/166 736/1483/166
f 749/1487/167 583/1488/167 571/1486/167 739/1485/167
f 743/1489/168 577/1490/168 583/1488/168 749/1487/168
f 741/1491/169 582/1492/169 577/1490/169 743/1489/169
f 748/1493/170 578/1494/170 582/1492/170 741/1491/170
f 681/1495/171 581/1496/171 578/1494/171 748/1493/171
f 680/1497/172 579/1498/172 581/1496/172 681/1495/172
f 685/1499/173 580/1500/173 579/1498/173 680/1497/173
f 682/1501/174 513/1502/174 580/1500/174 685/1499/174
f 684/1503/175 514/1504/175 513/1502/175 682/1501/175
f 683/1505/176 515/1506/176 514/1504/176 684/1503/176
f 692/1507/177 517/1508/177 515/1506/177 683/1505/177
f 686/1509/178 516/1510/178 517/1508/178 692/1507/178
f 688/1511/179 518/1512/179 516/1510/179 686/1509/179
f 687/1513/180 519/1514/180 518/1512/180 688/1511/180
f 691/1515/181 521/1516/181 519/1514/181 687/1513/181
f 689/1517/182 520/1518/182 521/1516/182 691/1515/182
f 690/1519/183 525/1520/183 520/1518/183 689/1517/183
f 768/1521/184 522/1522/184 525/1520/184 690/1519/184
f 750/1523/185 524/1524/185 522/1522/185 768/1521/185
f 752/1525/186 523/1526/186 524/1524/186 750/1523/186
f 757/1527/187 591/1528/187 523/1526/187 752/1525/187
f 755/1529/188 589/1530/188 591/1528/188 757/1527/188
f 753/1531/189 602/1532/189 589/1530/189 755/1529/189
f 766/1533/190 592/1534/190 602/1532/190 753/1531/190
f 760/1535/191 595/1536/191 592/1534/191 766/1533/191
f 765/1537/192 600/1538/192 595/1536/192 760/1535/192
f 761/1539/193 596/1540/193 600/1538/193 765/1537/193
f 693/1541/194 599/1542/194 596/1540/194 761/1539/194
o Text
v 0.328119 0.095000 -0.120845
v 0.317956 0.095000 -0.126137
v 0.307977 0.095000 -0.130883
v 0.298148 0.095000 -0.135093
v 0.288438 0.095000 -0.138775
v 0.278812 0.095000 -0.141938
v 0.269239 0.095000 -0.144590
v 0.259685 0.095000 -0.146741
v 0.250117 0.095000 -0.148398
v 0.240502 0.095000 -0.149572
v 0.230808 0.095000 -0.150269
v 0.221000 0.095000 -0.150500
v 0.201939 0.095000 -0.149365
v 0.183843 0.095000 -0.146042
v 0.166844 0.095000 -0.140656
v 0.151074 0.095000 -0.133333
v 0.136666 0.095000 -0.124198
v 0.123750 0.095000 -0.113375
v 0.112460 0.095000 -0.100990
v 0.102926 0.095000 -0.087167
v 0.095281 0.095000 -0.072031
v 0.089657 0.095000 -0.055708
v 0.086186 0.095000 -0.038323
v 0.085000 0.095000 -0.020000
v 0.086149 0.095000 -0.001382
v 0.089528 0.095000 0.016155
v 0.095031 0.095000 0.032508
v 0.102556 0.095000 0.047574
v 0.111997 0.095000 0.061251
v 0.123250 0.095000 0.073438
v 0.136212 0.095000 0.084030
v 0.150778 0.095000 0.092926
v 0.166844 0.095000 0.100023
v 0.184306 0.095000 0.105220
v 0.203059 0.095000 0.108413
v 0.223000 0.095000 0.109500
v 0.232694 0.095000 0.109220
v 0.242509 0.095000 0.108384
v 0.252422 0.095000 0.107000
v 0.262407 0.095000 0.105074
v 0.272442 0.095000 0.102613
v 0.282500 0.095000 0.099625
v 0.292558 0.095000 0.096116
v 0.302593 0.095000 0.092093
v 0.312578 0.095000 0.087563
v 0.322491 0.095000 0.082532
v 0.332306 0.095000 0.077009
v 0.342000 0.095000 0.071000
v 0.342000 0.095000 0.124500
v 0.333554 0.095000 0.128766
v 0.324935 0.095000 0.132799
v 0.316094 0.095000 0.136570
v 0.306982 0.095000 0.140056
v 0.297550 0.095000 0.143228
v 0.287750 0.095000 0.146063
v 0.277534 0.095000 0.148532
v 0.266852 0.095000 0.150611
v 0.255656 0.095000 0.152273
v 0.243898 0.095000 0.153493
v 0.231529 0.095000 0.154244
v 0.218500 0.095000 0.154500
v 0.187991 0.095000 0.152521
v 0.160426 0.095000 0.146873
v 0.135750 0.095000 0.137992
v 0.113907 0.095000 0.126315
v 0.094843 0.095000 0.112276
v 0.078500 0.095000 0.096313
v 0.064824 0.095000 0.078859
v 0.053759 0.095000 0.060352
v 0.045250 0.095000 0.041227
v 0.039241 0.095000 0.021919
v 0.035676 0.095000 0.002865
v 0.034500 0.095000 -0.015500
v 0.036107 0.095000 -0.040889
v 0.040817 0.095000 -0.064944
v 0.048461 0.095000 -0.087500
v 0.058870 0.095000 -0.108389
v 0.071877 0.095000 -0.127444
v 0.087313 0.095000 -0.144500
v 0.105008 0.095000 -0.159389
v 0.124796 0.095000 -0.171944
v 0.146508 0.095000 -0.182000
v 0.169975 0.095000 -0.189389
v 0.195028 0.095000 -0.193944
v 0.221500 0.095000 -0.195500
v 0.230267 0.095000 -0.195321
v 0.239090 0.095000 -0.194780
v 0.248008 0.095000 -0.193867
v 0.257056 0.095000 -0.192574
v 0.266270 0.095000 -0.190892
v 0.275688 0.095000 -0.188813
v 0.285345 0.095000 -0.186327
v 0.295278 0.095000 -0.183426
v 0.305523 0.095000 -0.180102
v 0.316118 0.095000 -0.176345
v 0.327098 0.095000 -0.172147
v 0.338500 0.095000 -0.167500
v 0.338500 0.095000 -0.115000
v -0.194000 0.095000 -0.191000
v -0.163960 0.095000 -0.189183
v -0.136806 0.095000 -0.183961
v -0.112484 0.095000 -0.175680
v -0.090944 0.095000 -0.164685
v -0.072134 0.095000 -0.151323
v -0.056000 0.095000 -0.135938
v -0.042491 0.095000 -0.118875
v -0.031556 0.095000 -0.100481
v -0.023141 0.095000 -0.081102
v -0.017194 0.095000 -0.061081
v -0.013665 0.095000 -0.040765
v -0.012500 0.095000 -0.020500
v -0.013913 0.095000 0.001236
v -0.018095 0.095000 0.022512
v -0.024961 0.095000 0.043055
v -0.034426 0.095000 0.062593
v -0.046405 0.095000 0.080853
v -0.060813 0.095000 0.097562
v -0.077564 0.095000 0.112449
v -0.096574 0.095000 0.125241
v -0.117758 0.095000 0.135664
v -0.141030 0.095000 0.143447
v -0.166306 0.095000 0.148316
v -0.193500 0.095000 0.150000
v -0.326500 0.095000 0.150000
v -0.326500 0.095000 -0.191000
v -0.199500 0.095000 0.106000
v -0.173497 0.095000 0.104313
v -0.150847 0.095000 0.099546
v -0.131344 0.095000 0.092141
v -0.114778 0.095000 0.082537
v -0.100941 0.095000 0.071177
v -0.089625 0.095000 0.058500
v -0.080622 0.095000 0.044948
v -0.073722 0.095000 0.030963
v -0.068719 0.095000 0.016984
v -0.065403 0.095000 0.003454
v -0.063566 0.095000 -0.009188
v -0.063000 0.095000 -0.020500
v -0.063911 0.095000 -0.037379
v -0.066664 0.095000 -0.053655
v -0.071289 0.095000 -0.069164
v -0.077815 0.095000 -0.083741
v -0.086271 0.095000 -0.097220
v -0.096687 0.095000 -0.109438
v -0.109093 0.095000 -0.120228
v -0.123519 0.095000 -0.129426
v -0.139992 0.095000 -0.136867
v -0.158544 0.095000 -0.142387
v -0.179203 0.095000 -0.145819
v -0.202000 0.095000 -0.147000
v -0.277500 0.095000 -0.147000
v -0.277500 0.095000 0.106000
v 0.328119 0.045000 -0.120845
v 0.317956 0.045000 -0.126137
v 0.307977 0.045000 -0.130883
v 0.298148 0.045000 -0.135093
v 0.288438 0.045000 -0.138775
v 0.278812 0.045000 -0.141938
v 0.269239 0.045000 -0.144590
v 0.259685 0.045000 -0.146741
v 0.250117 0.045000 -0.148398
v 0.240502 0.045000 -0.149572
v 0.230808 0.045000 -0.150269
v 0.221000 0.045000 -0.150500
v 0.201939 0.045000 -0.149365
v 0.183843 0.045000 -0.146042
v 0.166844 0.045000 -0.140656
v 0.151074 0.045000 -0.133333
v 0.136666 0.045000 -0.124198
v 0.123750 0.045000 -0.113375
v 0.112460 0.045000 -0.100990
v 0.102926 0.045000 -0.087167
v 0.095281 0.045000 -0.072031
v 0.089657 0.045000 -0.055708
v 0.086186 0.045000 -0.038323
v 0.085000 0.045000 -0.020000
v 0.086149 0.045000 -0.001382
v 0.089528 0.045000 0.016155
v 0.095031 0.045000 0.032508
v 0.102556 0.045000 0.047574
v 0.111997 0.045000 0.061251
v 0.123250 0.045000 0.073438
v 0.136212 0.045000 0.084030
v 0.150778 0.045000 0.092926
v 0.166844 0.045000 0.100023
v 0.184306 0.045000 0.105220
v 0.203059 0.045000 0.108413
v 0.223000 0.045000 0.109500
v 0.232694 0.045000 0.109220
v 0.242509 0.045000 0.108384
v 0.252422 0.045000 0.107000
v 0.262407 0.045000 0.105074
v 0.272442 0.045000 0.102613
v 0.282500 0.045000 0.099625
v 0.292558 0.045000 0.096116
v 0.302593 0.045000 0.092093
v 0.312578 0.045000 0.087563
v 0.322491 0.045000 0.082532
v 0.332306 0.045000 0.077009
v 0.342000 0.045000 0.071000
v 0.342000 0.045000 0.124500
v 0.333554 0.045000 0.128766
v 0.324935 0.045000 0.132799
v 0.316094 0.045000 0.136570
v 0.306982 0.045000 0.140056
v 0.297550 0.045000 0.143228
v 0.287750 0.045000 0.146063
v 0.277534 0.045000 0.148532
v 0.266852 0.045000 0.150611
v 0.255656 0.045000 0.152273
v 0.243898 0.045000 0.153493
v 0.231529 0.045000 0.154244
v 0.218500 0.045000 0.154500
v 0.187991 0.045000 0.152521
v 0.160426 0.045000 0.146873
v 0.135750 0.045000 0.137992
v 0.113907 0.045000 0.126315
v 0.094843 0.045000 0.112276
v 0.078500 0.045000 0.096313
v 0.064824 0.045000 0.078859
v 0.053759 0.045000 0.060352
v 0.045250 0.045000 0.041227
v 0.039241 0.045000 0.021919
v 0.035676 0.045000 0.002865
v 0.034500 0.045000 -0.015500
v 0.036107 0.045000 -0.040889
v 0.040817 0.045000 -0.064944
v 0.048461 0.045000 -0.087500
v 0.058870 0.045000 -0.108389
v 0.071877 0.045000 -0.127444
v 0.087313 0.045000 -0.144500
v 0.105008 0.045000 -0.159389
v 0.124796 0.045000 -0.171944
v 0.146508 0.045000 -0.182000
v 0.169975 0.045000 -0.189389
v 0.195028 0.045000 -0.193944
v 0.221500 0.045000 -0.195500
v 0.230267 0.045000 -0.195321
v 0.239090 0.045000 -0.194780
v 0.248008 0.045000 -0.193867
v 0.257056 0.045000 -0.192574
v 0.266270 0.045000 -0.190892
v 0.275688 0.045000 -0.188813
v 0.285345 0.045000 -0.186327
v 0.295278 0.045000 -0.183426
v 0.305523 0.045000 -0.180102
v 0.316118 0.045000 -0.176345
v 0.327098 0.045000 -0.172147
v 0.338500 0.045000 -0.167500
v 0.338500 0.045000 -0.115000
v -0.194000 0.045000 -0.191000
v -0.163960 0.045000 -0.189183
v -0.136806 0.045000 -0.183961
v -0.112484 0.045000 -0.175680
v -0.090944 0.045000 -0.164685
v -0.072134 0.045000 -0.151323
v -0.056000 0.045000 -0.135938
v -0.042491 0.045000 -0.118875
v -0.031556 0.045000 -0.100481
v -0.023141 0.045000 -0.081102
v -0.017194 0.045000 -0.061081
v -0.013665 0.045000 -0.040765
v -0.012500 0.045000 -0.020500
v -0.013913 0.045000 0.001236
v -0.018095 0.045000 0.022512
v -0.024961 0.045000 0.043055
v -0.034426 0.045000 0.062593
v -0.046405 0.045000 0.080853
v -0.060813 0.045000 0.097562
v -0.077564 0.045000 0.112449
v -0.096574 0.045000 0.125241
v -0.117758 0.045000 0.135664
v -0.141030 0.045000 0.143447
v -0.166306 0.045000 0.148316
v -0.193500 0.045000 0.150000
v -0.326500 0.045000 0.150000
v -0.326500 0.045000 -0.191000
v -0.199500 0.045000 0.106000
v -0.173497 0.045000 0.104313
v -0.150847 0.045000 0.099546
v -0.131344 0.045000 0.092141
v -0.114778 0.045000 0.082537
v -0.100941 0.045000 0.071177
v -0.089625 0.045000 0.058500
v -0.080622 0.045000 0.044948
v -0.073722 0.045000 0.030963
v -0.068719 0.045000 0.016984
v -0.065403 0.045000 0.003454
v -0.063566 0.045000 -0.009188
v -0.063000 0.045000 -0.020500
v -0.063911 0.045000 -0.037379
v -0.066664 0.045000 -0.053655
v -0.071289 0.045000 -0.069164
v -0.077815 0.045000 -0.083741
v -0.086271 0.045000 -0.097220
v -0.096687 0.045000 -0.109438
v -0.109093 0.045000 -0.120228
v -0.123519 0.045000 -0.129426
v -0.139992 0.045000 -0.136867
v -0.158544 0.045000 -0.142387
v -0.179203 0.045000 -0.145819
v -0.202000 0.045000 -0.147000
v -0.277500 0.045000 -0.147000
v -0.277500 0.045000 0.106000
v -0.194000 0.045000 -0.191000
v -0.194000 0.095000 -0.191000
v -0.163960 0.045000 -0.189183
v -0.163960 0.095000 -0.189183
v -0.136806 0.045000 -0.183961
v -0.136806 0.095000 -0.183961
v -0.112484 0.045000 -0.175680
v -0.112484 0.095000 -0.175680
v -0.090944 0.045000 -0.164685
v -0.090944 0.095000 -0.164685
v -0.072134 0.045000 -0.151323
v -0.072134 0.095000 -0.151323
v -0.056000 0.045000 -0.135938
v -0.056000 0.095000 -0.135938
v -0.042491 0.045000 -0.118875
v -0.042491 0.095000 -0.118875
v -0.031556 0.045000 -0.100481
v -0.031556 0.095000 -0.100481
v -0.023141 0.045000 -0.081102
v -0.023141 0.095000 -0.081102
v -0.017194 0.045000 -0.061081
v -0.017194 0.095000 -0.061081
v -0.013665 0.045000 -0.040765
v -0.013665 0.095000 -0.040765
v -0.012500 0.045000 -0.020500
v -0.012500 0.095000 -0.020500
v -0.013913 0.045000 0.001236
v -0.013913 0.095000 0.001236
v -0.018095 0.045000 0.022512
v -0.018095 0.095000 0.022512
v -0.024961 0.045000 0.043055
v -0.024961 0.095000 0.043055
v -0.034426 0.045000 0.062593
v -0.034426 0.095000 0.062593
v -0.046405 0.045000 0.080853
v -0.046405 0.095000 0.080853
v -0.060813 0.045000 0.097562
v -0.060813 0.095000 0.097562
v -0.077564 0.045000 0.112449
v -0.077564 0.095000 0.112449
v -0.096574 0.045000 0.125241
v -0.096574 0.095000 0.125241
v -0.117758 0.045000 0.135664
v -0.117758 0.095000 0.135664
v -0.141030 0.045000 0.143447
v -0.141030 0.095000 0.143447
v -0.166306 0.045000 0.148316
v -0.166306 0.095000 0.148316
v -0.193500 0.045000 0.150000
v -0.193500 0.095000 0.150000
v -0.199500 0.045000 0.106000
v -0.199500 0.095000 0.106000
v -0.173497 0.045000 0.104313
v -0.173497 0.095000 0.104313
v -0.150847 0.045000 0.099546
v -0.150847 0.095000 0.099546
v -0.131344 0.045000 0.092141
v -0.131344 0.095000 0.092141
v -0.114778 0.045000 0.082537
v -0.114778 0.095000 0.082537
v -0.100941 0.045000 0.071177
v -0.100941 0.095000 0.071177
v -0.089625 0.045000 0.058500
v -0.089625 0.095000 0.058500
v -0.080622 0.045000 0.044948
v -0.080622 0.095000 0.044948
v -0.073722 0.045000 0.030963
v -0.073722 0.095000 0.030963
v -0.068719 0.045000 0.016984
v -0.068719 0.095000 0.016984
v -0.065403 0.045000 0.003454
v -0.065403 0.095000 0.003454
v -0.063566 0.045000 -0.009188
v -0.063566 0.095000 -0.009188
v -0.063000 0.045000 -0.020500
v -0.063000 0.095000 -0.020500
v -0.063911 0.045000 -0.037379
v -0.063911 0.095000 -0.037379
v -0.066664 0.045000 -0.053655
v -0.066664 0.095000 -0.053655
v -0.071289 0.045000 -0.069164
v -0.071289 0.095000 -0.069164
v -0.077815 0.045000 -0.083741
v -0.077815 0.095000 -0.083741
v -0.086271 0.045000 -0.097220
v -0.086271 0.095000 -0.097220
v -0.096687 0.045000 -0.109438
v -0.096687 0.095000 -0.109438
v -0.109093 0.045000 -0.120228
v -0.109093 0.095000 -0.120228
v -0.123519 0.045000 -0.129426
v -0.123519 0.095000 -0.129426
v -0.139992 0.045000 -0.136867
v -0.139992 0.095000 -0.136867
v -0.158544 0.045000 -0.142387
v -0.158544 0.095000 -0.142387
v -0.179203 0.045000 -0.145819
v -0.179203 0.095000 -0.145819
v -0.202000 0.045000 -0.147000
v -0.202000 0.095000 -0.147000
v 0.328119 0.045000 -0.120845
v 0.328119 0.095000 -0.120845
v 0.317956 0.045000 -0.126137
v 0.317956 0.095000 -0.126137
v 0.307977 0.045000 -0.130883
v 0.307977 0.095000 -0.130883
v 0.298148 0.045000 -0.135093
v 0.298148 0.095000 -0.135093
v 0.288438 0.045000 -0.138775
v 0.288438 0.095000 -0.138775
v 0.278812 0.045000 -0.141938
v 0.278812 0.095000 -0.141938
v 0.269239 0.045000 -0.144590
v 0.269239 0.095000 -0.144590
v 0.259685 0.045000 -0.146741
v 0.259685 0.095000 -0.146741
v 0.250117 0.045000 -0.148398
v 0.250117 0.095000 -0.148398
v 0.240502 0.045000 -0.149572
v 0.240502 0.095000 -0.149572
v 0.230808 0.045000 -0.150269
v 0.230808 0.095000 -0.150269
v 0.221000 0.045000 -0.150500
v 0.221000 0.095000 -0.150500
v 0.201939 0.045000 -0.149365
v 0.201939 0.095000 -0.149365
v 0.183843 0.045000 -0.146042
v 0.183843 0.095000 -0.146042
v 0.166844 0.045000 -0.140656
v 0.166844 0.095000 -0.140656
v 0.151074 0.045000 -0.133333
v 0.151074 0.095000 -0.133333
v 0.136666 0.045000 -0.124198
v 0.136666 0.095000 -0.124198
v 0.123750 0.045000 -0.113375
v 0.123750 0.095000 -0.113375
v 0.112460 0.045000 -0.100990
v 0.112460 0.095000 -0.100990
v 0.102926 0.045000 -0.087167
v 0.102926 0.095000 -0.087167
v 0.095281 0.045000 -0.072031
v 0.095281 0.095000 -0.072031
v 0.089657 0.045000 -0.055708
v 0.089657 0.095000 -0.055708
v 0.086186 0.045000 -0.038323
v 0.086186 0.095000 -0.038323
v 0.085000 0.045000 -0.020000
v 0.085000 0.095000 -0.020000
v 0.086149 0.045000 -0.001382
v 0.086149 0.095000 -0.001382
v 0.089528 0.045000 0.016155
v 0.089528 0.095000 0.016155
v 0.095031 0.045000 0.032508
v 0.095031 0.095000 0.032508
v 0.102556 0.045000 0.047574
v 0.102556 0.095000 0.047574
v 0.111997 0.045000 0.061251
v 0.111997 0.095000 0.061251
v 0.123250 0.045000 0.073438
v 0.123250 0.095000 0.073438
v 0.136212 0.045000 0.084030
v 0.136212 0.095000 0.084030
v 0.150778 0.045000 0.092926
v 0.150778 0.095000 0.092926
v 0.166844 0.045000 0.100023
v 0.166844 0.095000 0.100023
v 0.184306 0.045000 0.105220
v 0.184306 0.095000 0.105220
v 0.203059 0.045000 0.108413
v 0.203059 0.095000 0.108413
v 0.223000 0.045000 0.109500
v 0.223000 0.095000 0.109500
v 0.232694 0.045000 0.109220
v 0.232694 0.095000 0.109220
v 0.242509 0.045000 0.108384
v 0.242509 0.095000 0.108384
v 0.252422 0.045000 0.107000
v 0.252422 0.095000 0.107000
v 0.262407 0.045000 0.105074
v 0.262407 0.095000 0.105074
v 0.272442 0.045000 0.102613
v 0.272442 0.095000 0.102613
v 0.282500 0.045000 0.099625
v 0.282500 0.095000 0.099625
v 0.292558 0.045000 0.096116
v 0.292558 0.095000 0.096116
v 0.302593 0.045000 0.092093
v 0.302593 0.095000 0.092093
v 0.312578 0.045000 0.087563
v 0.312578 0.095000 0.087563
v 0.322491 0.045000 0.082532
v 0.322491 0.095000 0.082532
v 0.332306 0.045000 0.077009
v 0.332306 0.095000 0.077009
v 0.333554 0.045000 0.128766
v 0.333554 0.095000 0.128766
v 0.324935 0.045000 0.132799
v 0.324935 0.095000 0.132799
v 0.316094 0.045000 0.136570
v 0.316094 0.095000 0.136570
v 0.306982 0.045000 0.140056
v 0.306982 0.095000 0.140056
v 0.297550 0.045000 0.143228
v 0.297550 0.095000 0.143228
v 0.287750 0.045000 0.146063
v 0.287750 0.095000 0.146063
v 0.277534 0.045000 0.148532
v 0.277534 0.095000 0.148532
v 0.266852 0.045000 0.150611
v 0.266852 0.095000 0.150611
v 0.255656 0.045000 0.152273
v 0.255656 0.095000 0.152273
v 0.243898 0.045000 0.153493
v 0.243898 0.095000 0.153493
v 0.231529 0.045000 0.154244
v 0.231529 0.095000 0.154244
v 0.218500 0.045000 0.154500
v 0.218500 0.095000 0.154500
v 0.187991 0.045000 0.152521
v 0.187991 0.095000 0.152521
v 0.160426 0.045000 0.146873
v 0.160426 0.095000 0.146873
v 0.135750 0.045000 0.137992
v 0.135750 0.095000 0.137992
v 0.113907 0.045000 0.126315
v 0.113907 0.095000 0.126315
v 0.094843 0.045000 0.112276
v 0.094843 0.095000 0.112276
v 0.078500 0.045000 0.096313
v 0.078500 0.095000 0.096313
v 0.064824 0.045000 0.078859
v 0.064824 0.095000 0.078859
v 0.053759 0.045000 0.060352
v 0.053759 0.095000 0.060352
v 0.045250 0.045000 0.041227
v 0.045250 0.095000 0.041227
v 0.039241 0.045000 0.021919
v 0.039241 0.095000 0.021919
v 0.035676 0.045000 0.002865
v 0.035676 0.095000 0.002865
v 0.034500 0.045000 -0.015500
v 0.034500 0.095000 -0.015500
v 0.036107 0.045000 -0.040889
v 0.036107 0.095000 -0.040889
v 0.040817 0.045000 -0.064944
v 0.040817 0.095000 -0.064944
v 0.048461 0.045000 -0.087500
v 0.048461 0.095000 -0.087500
v 0.058870 0.045000 -0.108389
v 0.058870 0.095000 -0.108389
v 0.071877 0.045000 -0.127444
v 0.071877 0.095000 -0.127444
v 0.087313 0.045000 -0.144500
v 0.087313 0.095000 -0.144500
v 0.105008 0.045000 -0.159389
v 0.105008 0.095000 -0.159389
v 0.124796 0.045000 -0.171944
v 0.124796 0.095000 -0.171944
v 0.146508 0.045000 -0.182000
v 0.146508 0.095000 -0.182000
v 0.169975 0.045000 -0.189389
v 0.169975 0.095000 -0.189389
v 0.195028 0.045000 -0.193944
v 0.195028 0.095000 -0.193944
v 0.221500 0.045000 -0.195500
v 0.221500 0.095000 -0.195500
v 0.230267 0.045000 -0.195321
v 0.230267 0.095000 -0.195321
v 0.239090 0.045000 -0.194780
v 0.239090 0.095000 -0.194780
v 0.248008 0.045000 -0.193867
v 0.248008 0.095000 -0.193867
v 0.257056 0.045000 -0.192574
v 0.257056 0.095000 -0.192574
v 0.266270 0.045000 -0.190892
v 0.266270 0.095000 -0.190892
v 0.275688 0.045000 -0.188813
v 0.275688 0.095000 -0.188813
v 0.285345 0.045000 -0.186327
v 0.285345 0.095000 -0.186327
v 0.295278 0.045000 -0.183426
v 0.295278 0.095000 -0.183426
v 0.305523 0.045000 -0.180102
v 0.305523 0.095000 -0.180102
v 0.316118 0.045000 -0.176345
v 0.316118 0.095000 -0.176345
v 0.327098 0.045000 -0.172147
v 0.327098 0.095000 -0.172147
v -0.321500 0.045000 0.150000
v -0.326500 0.045000 0.145000
v -0.324000 0.045000 0.149330
v -0.325830 0.045000 0.147500
v -0.326500 0.095000 0.145000
v -0.321500 0.095000 0.150000
v -0.325830 0.095000 0.147500
v -0.324000 0.095000 0.149330
v -0.326500 0.045000 -0.186000
v -0.321500 0.045000 -0.191000
v -0.325830 0.045000 -0.188500
v -0.324000 0.045000 -0.190330
v -0.321500 0.095000 -0.191000
v -0.326500 0.095000 -0.186000
v -0.324000 0.095000 -0.190330
v -0.325830 0.095000 -0.188500
v -0.272500 0.045000 -0.147000
v -0.277500 0.045000 -0.142000
v -0.275000 0.045000 -0.146330
v -0.276830 0.045000 -0.144500
v -0.277500 0.095000 -0.142000
v -0.272500 0.095000 -0.147000
v -0.276830 0.095000 -0.144500
v -0.275000 0.095000 -0.146330
v -0.277500 0.045000 0.101000
v -0.272500 0.045000 0.106000
v -0.276830 0.045000 0.103500
v -0.275000 0.045000 0.105330
v -0.272500 0.095000 0.106000
v -0.277500 0.095000 0.101000
v -0.275000 0.095000 0.105330
v -0.276830 0.095000 0.103500
v 0.337750 0.045000 0.073634
v 0.342000 0.045000 0.076000
v 0.339875 0.045000 0.072987
v 0.341431 0.045000 0.073853
v 0.342000 0.095000 0.076000
v 0.337750 0.095000 0.073634
v 0.341431 0.095000 0.073853
v 0.339875 0.095000 0.072987
v 0.342000 0.045000 0.119500
v 0.337537 0.045000 0.126755
v 0.341402 0.045000 0.122302
v 0.339769 0.045000 0.124957
v 0.337537 0.095000 0.126755
v 0.342000 0.095000 0.119500
v 0.339769 0.095000 0.124957
v 0.341402 0.095000 0.122302
v 0.333870 0.045000 -0.169387
v 0.338500 0.045000 -0.162500
v 0.336185 0.045000 -0.167774
v 0.337880 0.045000 -0.165253
v 0.338500 0.095000 -0.162500
v 0.333870 0.095000 -0.169387
v 0.337880 0.095000 -0.165253
v 0.336185 0.095000 -0.167774
v 0.338500 0.045000 -0.120000
v 0.334143 0.045000 -0.117453
v 0.337916 0.045000 -0.117829
v 0.336322 0.045000 -0.116897
v 0.334143 0.095000 -0.117453
v 0.338500 0.095000 -0.120000
v 0.336322 0.095000 -0.116897
v 0.337916 0.095000 -0.117829
vn -0.0000 1.0000 -0.0000
vn -0.0000 -1.0000 -0.0000
vn 0.0302 -0.0000 -0.9995
vn 0.1249 -0.0000 -0.9922
vn 0.2562 -0.0000 -0.9666
vn 0.3895 -0.0000 -0.9210
vn 0.5182 -0.0000 -0.8552
vn 0.6363 -0.0000 -0.7715
vn 0.7389 -0.0000 -0.6739
vn 0.8236 -0.0000 -0.5671
vn 0.8902 -0.0000 -0.4556
vn 0.9397 -0.0000 -0.3421
vn 0.9736 -0.0000 -0.2283
vn 0.9934 -0.0000 -0.1145
vn 1.0000 -0.0000 0.0037
vn 0.9916 -0.0000 0.1291
vn 0.9668 -0.0000 0.2555
vn 0.9261 -0.0000 0.3773
vn 0.8699 -0.0000 0.4933
vn 0.7985 -0.0000 0.6021
vn 0.7124 -0.0000 0.7018
vn 0.6126 -0.0000 0.7904
vn 0.5010 -0.0000 0.8654
vn 0.3802 -0.0000 0.9249
vn 0.2537 -0.0000 0.9673
vn 0.1257 -0.0000 0.9921
vn 0.0309 -0.0000 0.9995
vn -0.0324 -0.0000 -0.9995
vn -0.1357 -0.0000 -0.9908
vn -0.2813 -0.0000 -0.9596
vn -0.4297 -0.0000 -0.9030
vn -0.5699 -0.0000 -0.8217
vn -0.6923 -0.0000 -0.7216
vn -0.7915 -0.0000 -0.6112
vn -0.8666 -0.0000 -0.4989
vn -0.9207 -0.0000 -0.3903
vn -0.9577 -0.0000 -0.2879
vn -0.9816 -0.0000 -0.1911
vn -0.9953 -0.0000 -0.0970
vn -1.0000 -0.0000 0.0020
vn -0.9939 -0.0000 0.1105
vn -0.9740 -0.0000 0.2267
vn -0.9375 -0.0000 0.3479
vn -0.8820 -0.0000 0.4712
vn -0.8062 -0.0000 0.5917
vn -0.7106 -0.0000 0.7036
vn -0.5986 -0.0000 0.8010
vn -0.4759 -0.0000 0.8795
vn -0.3492 -0.0000 0.9370
vn -0.2250 -0.0000 0.9744
vn -0.1080 -0.0000 0.9942
vn -0.0259 -0.0000 0.9997
vn -0.4763 -0.0000 0.8793
vn -0.4457 -0.0000 0.8952
vn -0.4117 -0.0000 0.9113
vn -0.3742 -0.0000 0.9273
vn -0.3334 -0.0000 0.9428
vn -0.2897 -0.0000 0.9571
vn -0.2434 -0.0000 0.9699
vn -0.1952 -0.0000 0.9808
vn -0.1460 -0.0000 0.9893
vn -0.0965 -0.0000 0.9953
vn -0.0477 -0.0000 0.9989
vn 0.0180 -0.0000 0.9998
vn 0.1203 -0.0000 0.9927
vn 0.2418 -0.0000 0.9703
vn 0.3623 -0.0000 0.9320
vn 0.4793 -0.0000 0.8776
vn 0.5902 -0.0000 0.8073
vn 0.6922 -0.0000 0.7217
vn 0.7829 -0.0000 0.6221
vn 0.8599 -0.0000 0.5105
vn 0.9212 -0.0000 0.3892
vn 0.9652 -0.0000 0.2614
vn 0.9915 -0.0000 0.1305
vn 1.0000 -0.0000 0.0015
vn 0.9921 -0.0000 -0.1257
vn 0.9670 -0.0000 -0.2546
vn 0.9234 -0.0000 -0.3838
vn 0.8609 -0.0000 -0.5087
vn 0.7808 -0.0000 -0.6248
vn 0.6854 -0.0000 -0.7282
vn 0.5784 -0.0000 -0.8158
vn 0.4637 -0.0000 -0.8860
vn 0.3454 -0.0000 -0.9385
vn 0.2269 -0.0000 -0.9739
vn 0.1113 -0.0000 -0.9938
vn 0.0128 -0.0000 -0.9999
vn -0.0569 -0.0000 -0.9984
vn -0.1116 -0.0000 -0.9938
vn -0.1639 -0.0000 -0.9865
vn -0.2138 -0.0000 -0.9769
vn -0.2616 -0.0000 -0.9652
vn -0.3072 -0.0000 -0.9516
vn -0.3509 -0.0000 -0.9364
vn -0.3927 -0.0000 -0.9196
vn -0.4329 -0.0000 -0.9014
vn -0.4716 -0.0000 -0.8818
vn -0.5088 -0.0000 -0.8609
vn 0.4374 -0.0000 0.8993
vn 0.4081 -0.0000 0.9129
vn 0.3749 -0.0000 0.9271
vn 0.3381 -0.0000 0.9411
vn 0.2984 -0.0000 0.9544
vn 0.2565 -0.0000 0.9666
vn 0.2131 -0.0000 0.9770
vn 0.1690 -0.0000 0.9856
vn 0.1251 -0.0000 0.9922
vn 0.0819 -0.0000 0.9966
vn 0.0401 -0.0000 0.9992
vn -0.0226 -0.0000 0.9997
vn -0.1330 -0.0000 0.9911
vn -0.2704 -0.0000 0.9628
vn -0.4061 -0.0000 0.9138
vn -0.5336 -0.0000 0.8457
vn -0.6474 -0.0000 0.7621
vn -0.7446 -0.0000 0.6675
vn -0.8243 -0.0000 0.5661
vn -0.8876 -0.0000 0.4607
vn -0.9358 -0.0000 0.3524
vn -0.9705 -0.0000 0.2409
vn -0.9923 -0.0000 0.1241
vn -1.0000 -0.0000 0.0004
vn -0.9918 -0.0000 -0.1279
vn -0.9664 -0.0000 -0.2571
vn -0.9232 -0.0000 -0.3844
vn -0.8625 -0.0000 -0.5061
vn -0.7855 -0.0000 -0.6188
vn -0.6942 -0.0000 -0.7198
vn -0.5911 -0.0000 -0.8066
vn -0.4790 -0.0000 -0.8778
vn -0.3610 -0.0000 -0.9325
vn -0.2401 -0.0000 -0.9708
vn -0.1190 -0.0000 -0.9929
vn -0.0192 -0.0000 -0.9998
vn 0.0408 -0.0000 -0.9992
vn 0.0816 -0.0000 -0.9967
vn 0.1217 -0.0000 -0.9926
vn 0.1606 -0.0000 -0.9870
vn 0.1976 -0.0000 -0.9803
vn 0.2325 -0.0000 -0.9726
vn 0.2648 -0.0000 -0.9643
vn 0.2945 -0.0000 -0.9557
vn 0.3214 -0.0000 -0.9469
vn 0.3457 -0.0000 -0.9384
vn 0.3673 -0.0000 -0.9301
vn -0.1305 -0.0000 0.9914
vn -0.5000 -0.0000 0.8660
vn -0.8660 -0.0000 0.5000
vn -0.9914 -0.0000 0.1305
vn -0.9914 -0.0000 -0.1305
vn -0.8660 -0.0000 -0.5000
vn -0.5000 -0.0000 -0.8660
vn -0.1305 -0.0000 -0.9914
vn 0.1305 -0.0000 0.9914
vn 0.5000 -0.0000 0.8660
vn 0.8660 -0.0000 0.5000
vn 0.9914 -0.0000 0.1305
vn 0.9914 -0.0000 -0.1305
vn 0.8660 -0.0000 -0.5000
vn 0.5000 -0.0000 -0.8660
vn 0.1305 -0.0000 -0.9914
vn -0.4126 -0.0000 -0.9109
vn 0.1059 -0.0000 -0.9944
vn 0.7894 -0.0000 -0.6139
vn 0.9916 -0.0000 -0.1292
vn 0.9945 -0.0000 0.1049
vn 0.9283 -0.0000 0.3717
vn 0.7504 -0.0000 0.6610
vn 0.5421 -0.0000 0.8403
vn 0.4775 -0.0000 -0.8786
vn 0.7130 -0.0000 -0.7011
vn 0.9184 -0.0000 -0.3956
vn 0.9939 -0.0000 -0.1106
vn 0.9914 -0.0000 0.1309
vn 0.7947 -0.0000 0.6069
vn 0.1389 -0.0000 0.9903
vn -0.3723 -0.0000 0.9281
vt 0.855670 0.000000
vt 0.876289 0.000000
vt 0.865979 0.000000
vt 0.886598 0.000000
vt 0.896907 0.000000
vt 0.845361 0.000000
vt 0.907216 0.000000
vt 0.917526 0.000000
vt 0.927835 0.000000
vt 0.835052 0.000000
vt 0.938144 0.000000
vt 0.948454 0.000000
vt 0.958763 0.000000
vt 0.824742 0.000000
vt 0.969072 0.000000
vt 0.979381 0.000000
vt 0.989691 0.000000
vt 0.814433 0.000000
vt 0.092784 0.000000
vt 0.082474 0.000000
vt 0.072165 0.000000
vt 0.061856 0.000000
vt 0.051546 0.000000
vt 0.041237 0.000000
vt 0.030928 0.000000
vt 0.020619 0.000000
vt 0.010309 0.000000
vt 0.000000 0.000000
vt 1.000000 0.000000
vt 0.804124 0.000000
vt 0.113402 0.000000
vt 0.103093 0.000000
vt 0.123711 0.000000
vt 0.134021 0.000000
vt 0.144330 0.000000
vt 0.793814 0.000000
vt 0.154639 0.000000
vt 0.164948 0.000000
vt 0.783505 0.000000
vt 0.175258 0.000000
vt 0.185567 0.000000
vt 0.773196 0.000000
vt 0.195876 0.000000
vt 0.762887 0.000000
vt 0.206186 0.000000
vt 0.216495 0.000000
vt 0.752577 0.000000
vt 0.226804 0.000000
vt 0.742268 0.000000
vt 0.237113 0.000000
vt 0.247423 0.000000
vt 0.731959 0.000000
vt 0.257732 0.000000
vt 0.721649 0.000000
vt 0.268041 0.000000
vt 0.711340 0.000000
vt 0.278351 0.000000
vt 0.701031 0.000000
vt 0.288660 0.000000
vt 0.690722 0.000000
vt 0.298969 0.000000
vt 0.474227 0.000000
vt 0.494845 0.000000
vt 0.484536 0.000000
vt 0.309278 0.000000
vt 0.463918 0.000000
vt 0.680412 0.000000
vt 0.453608 0.000000
vt 0.319588 0.000000
vt 0.443299 0.000000
vt 0.432990 0.000000
vt 0.329897 0.000000
vt 0.422680 0.000000
vt 0.670103 0.000000
vt 0.412371 0.000000
vt 0.340206 0.000000
vt 0.402062 0.000000
vt 0.391753 0.000000
vt 0.350515 0.000000
vt 0.381443 0.000000
vt 0.371134 0.000000
vt 0.360825 0.000000
vt 0.659794 0.000000
vt 0.505155 0.000000
vt 0.649485 0.000000
vt 0.515464 0.000000
vt 0.525773 0.000000
vt 0.536082 0.000000
vt 0.639175 0.000000
vt 0.546392 0.000000
vt 0.556701 0.000000
vt 0.567010 0.000000
vt 0.628866 0.000000
vt 0.577320 0.000000
vt 0.587629 0.000000
vt 0.597938 0.000000
vt 0.618557 0.000000
vt 0.608247 0.000000
vt 0.471698 0.000000
vt 0.981132 0.000000
vt 0.490566 0.000000
vt 0.018868 0.000000
vt 0.037736 0.000000
vt 0.056604 0.000000
vt 0.075472 0.000000
vt 0.094340 0.000000
vt 0.962264 0.000000
vt 0.943396 0.000000
vt 0.113208 0.000000
vt 0.924528 0.000000
vt 0.905660 0.000000
vt 0.886792 0.000000
vt 0.132075 0.000000
vt 0.867925 0.000000
vt 0.849057 0.000000
vt 0.150943 0.000000
vt 0.830189 0.000000
vt 0.169811 0.000000
vt 0.811321 0.000000
vt 0.792453 0.000000
vt 0.188679 0.000000
vt 0.773585 0.000000
vt 0.207547 0.000000
vt 0.754717 0.000000
vt 0.226415 0.000000
vt 0.735849 0.000000
vt 0.716981 0.000000
vt 0.245283 0.000000
vt 0.698113 0.000000
vt 0.264151 0.000000
vt 0.679245 0.000000
vt 0.660377 0.000000
vt 0.283019 0.000000
vt 0.641509 0.000000
vt 0.301887 0.000000
vt 0.622642 0.000000
vt 0.603774 0.000000
vt 0.320755 0.000000
vt 0.584906 0.000000
vt 0.339623 0.000000
vt 0.566038 0.000000
vt 0.547170 0.000000
vt 0.358491 0.000000
vt 0.528302 0.000000
vt 0.509434 0.000000
vt 0.377358 0.000000
vt 0.396226 0.000000
vt 0.415094 0.000000
vt 0.433962 0.000000
vt 0.452830 0.000000
vt 0.000000 1.000000
vt 0.037037 1.000000
vt 0.037037 0.000000
vt 0.074074 1.000000
vt 0.074074 0.000000
vt 0.111111 1.000000
vt 0.111111 0.000000
vt 0.148148 1.000000
vt 0.148148 0.000000
vt 0.185185 1.000000
vt 0.185185 0.000000
vt 0.222222 1.000000
vt 0.222222 0.000000
vt 0.259259 1.000000
vt 0.259259 0.000000
vt 0.296296 1.000000
vt 0.296296 0.000000
vt 0.333333 1.000000
vt 0.333333 0.000000
vt 0.370370 1.000000
vt 0.370370 0.000000
vt 0.407407 1.000000
vt 0.407407 0.000000
vt 0.444444 1.000000
vt 0.444444 0.000000
vt 0.481481 1.000000
vt 0.481481 0.000000
vt 0.518519 1.000000
vt 0.518519 0.000000
vt 0.555556 1.000000
vt 0.555556 0.000000
vt 0.592593 1.000000
vt 0.592593 0.000000
vt 0.629630 1.000000
vt 0.629630 0.000000
vt 0.666667 1.000000
vt 0.666667 0.000000
vt 0.703704 1.000000
vt 0.703704 0.000000
vt 0.740741 1.000000
vt 0.740741 0.000000
vt 0.777778 1.000000
vt 0.777778 0.000000
vt 0.814815 1.000000
vt 0.814815 0.000000
vt 0.851852 1.000000
vt 0.851852 0.000000
vt 0.888889 1.000000
vt 0.888889 0.000000
vt 0.010204 1.000000
vt 0.010204 0.000000
vt 0.020408 1.000000
vt 0.020408 0.000000
vt 0.030612 1.000000
vt 0.030612 0.000000
vt 0.040816 1.000000
vt 0.040816 0.000000
vt 0.051020 1.000000
vt 0.051020 0.000000
vt 0.061224 1.000000
vt 0.061224 0.000000
vt 0.071429 1.000000
vt 0.071429 0.000000
vt 0.081633 1.000000
vt 0.081633 0.000000
vt 0.091837 1.000000
vt 0.091837 0.000000
vt 0.102041 1.000000
vt 0.102041 0.000000
vt 0.112245 1.000000
vt 0.112245 0.000000
vt 0.122449 1.000000
vt 0.122449 0.000000
vt 0.132653 1.000000
vt 0.132653 0.000000
vt 0.142857 1.000000
vt 0.142857 0.000000
vt 0.153061 1.000000
vt 0.153061 0.000000
vt 0.163265 1.000000
vt 0.163265 0.000000
vt 0.173469 1.000000
vt 0.173469 0.000000
vt 0.183673 1.000000
vt 0.183673 0.000000
vt 0.193878 1.000000
vt 0.193878 0.000000
vt 0.204082 1.000000
vt 0.204082 0.000000
vt 0.214286 1.000000
vt 0.214286 0.000000
vt 0.224490 1.000000
vt 0.224490 0.000000
vt 0.234694 1.000000
vt 0.234694 0.000000
vt 0.244898 1.000000
vt 0.244898 0.000000
vt 0.255102 1.000000
vt 0.255102 0.000000
vt 0.265306 1.000000
vt 0.265306 0.000000
vt 0.275510 1.000000
vt 0.275510 0.000000
vt 0.285714 1.000000
vt 0.285714 0.000000
vt 0.295918 1.000000
vt 0.295918 0.000000
vt 0.306122 1.000000
vt 0.306122 0.000000
vt 0.316327 1.000000
vt 0.316327 0.000000
vt 0.326531 1.000000
vt 0.326531 0.000000
vt 0.336735 1.000000
vt 0.336735 0.000000
vt 0.346939 1.000000
vt 0.346939 0.000000
vt 0.357143 1.000000
vt 0.357143 0.000000
vt 0.367347 1.000000
vt 0.367347 0.000000
vt 0.377551 1.000000
vt 0.377551 0.000000
vt 0.387755 1.000000
vt 0.387755 0.000000
vt 0.397959 1.000000
vt 0.397959 0.000000
vt 0.408163 1.000000
vt 0.408163 0.000000
vt 0.418367 1.000000
vt 0.418367 0.000000
vt 0.428571 1.000000
vt 0.428571 0.000000
vt 0.438776 1.000000
vt 0.438776 0.000000
vt 0.448980 1.000000
vt 0.448980 0.000000
vt 0.459184 1.000000
vt 0.459184 0.000000
vt 0.469388 1.000000
vt 0.469388 0.000000
vt 0.500000 1.000000
vt 0.510204 1.000000
vt 0.510204 0.000000
vt 0.500000 0.000000
vt 0.520408 1.000000
vt 0.520408 0.000000
vt 0.530612 1.000000
vt 0.530612 0.000000
vt 0.540816 1.000000
vt 0.540816 0.000000
vt 0.551020 1.000000
vt 0.551020 0.000000
vt 0.561224 1.000000
vt 0.561224 0.000000
vt 0.571429 1.000000
vt 0.571429 0.000000
vt 0.581633 1.000000
vt 0.581633 0.000000
vt 0.591837 1.000000
vt 0.591837 0.000000
vt 0.602041 1.000000
vt 0.602041 0.000000
vt 0.612245 1.000000
vt 0.612245 0.000000
vt 0.622449 1.000000
vt 0.622449 0.000000
vt 0.632653 1.000000
vt 0.632653 0.000000
vt 0.642857 1.000000
vt 0.642857 0.000000
vt 0.653061 1.000000
vt 0.653061 0.000000
vt 0.663265 1.000000
vt 0.663265 0.000000
vt 0.673469 1.000000
vt 0.673469 0.000000
vt 0.683673 1.000000
vt 0.683673 0.000000
vt 0.693878 1.000000
vt 0.693878 0.000000
vt 0.704082 1.000000
vt 0.704082 0.000000
vt 0.714286 1.000000
vt 0.714286 0.000000
vt 0.724490 1.000000
vt 0.724490 0.000000
vt 0.734694 1.000000
vt 0.734694 0.000000
vt 0.744898 1.000000
vt 0.744898 0.000000
vt 0.755102 1.000000
vt 0.755102 0.000000
vt 0.765306 1.000000
vt 0.765306 0.000000
vt 0.775510 1.000000
vt 0.775510 0.000000
vt 0.785714 1.000000
vt 0.785714 0.000000
vt 0.795918 1.000000
vt 0.795918 0.000000
vt 0.806122 1.000000
vt 0.806122 0.000000
vt 0.816327 1.000000
vt 0.816327 0.000000
vt 0.826531 1.000000
vt 0.826531 0.000000
vt 0.836735 1.000000
vt 0.836735 0.000000
vt 0.846939 1.000000
vt 0.846939 0.000000
vt 0.857143 1.000000
vt 0.857143 0.000000
vt 0.867347 1.000000
vt 0.867347 0.000000
vt 0.877551 1.000000
vt 0.877551 0.000000
vt 0.887755 1.000000
vt 0.887755 0.000000
vt 0.897959 1.000000
vt 0.897959 0.000000
vt 0.908163 1.000000
vt 0.908163 0.000000
vt 0.918367 1.000000
vt 0.918367 0.000000
vt 0.928571 1.000000
vt 0.928571 0.000000
vt 0.938776 1.000000
vt 0.938776 0.000000
vt 0.948980 1.000000
vt 0.948980 0.000000
vt 0.959184 1.000000
vt 0.959184 0.000000
vt 0.969388 1.000000
vt 0.969388 0.000000
vt 0.924534 0.000000
vt 0.924534 1.000000
vt 0.925230 1.000000
vt 0.925230 0.000000
vt 0.926197 1.000000
vt 0.926197 0.000000
vt 0.926469 1.000000
vt 0.926469 0.000000
vt 0.962420 0.000000
vt 0.962420 1.000000
vt 0.962691 1.000000
vt 0.962691 0.000000
vt 0.963662 1.000000
vt 0.963662 0.000000
vt 0.964361 1.000000
vt 0.964361 0.000000
vt 0.923473 0.000000
vt 0.923473 1.000000
vt 0.924700 1.000000
vt 0.924700 0.000000
vt 0.926292 1.000000
vt 0.926292 0.000000
vt 0.926658 1.000000
vt 0.926658 0.000000
vt 0.962231 0.000000
vt 0.962231 1.000000
vt 0.962597 1.000000
vt 0.962597 0.000000
vt 0.964150 1.000000
vt 0.964150 0.000000
vt 0.965337 1.000000
vt 0.965337 0.000000
vt 0.475118 0.000000
vt 0.475118 1.000000
vt 0.477039 1.000000
vt 0.477039 0.000000
vt 0.480136 1.000000
vt 0.480136 0.000000
vt 0.480546 1.000000
vt 0.480546 0.000000
vt 0.488842 0.000000
vt 0.488842 1.000000
vt 0.489377 1.000000
vt 0.489377 0.000000
vt 0.492166 1.000000
vt 0.492166 0.000000
vt 0.495188 1.000000
vt 0.495188 0.000000
vt 0.975448 0.000000
vt 0.975448 1.000000
vt 0.977730 1.000000
vt 0.977729 0.000000
vt 0.980029 1.000000
vt 0.980029 0.000000
vt 0.980564 1.000000
vt 0.980564 0.000000
vt 0.988824 0.000000
vt 0.988824 1.000000
vt 0.989246 1.000000
vt 0.989246 0.000000
vt 0.992219 1.000000
vt 0.992219 0.000000
vt 0.994079 1.000000
vt 0.994079 0.000000
vt 1.000000 1.000000
s 0
usemtl TextMaterial.004
f 852/1543/261 854/1544/261 853/1545/261
f 852/1543/261 855/1546/261 854/1544/261
f 852/1543/261 856/1547/261 855/1546/261
f 851/1548/261 856/1547/261 852/1543/261
f 851/1548/261 857/1549/261 856/1547/261
f 851/1548/261 858/1550/261 857/1549/261
f 851/1548/261 859/1551/261 858/1550/261
f 850/1552/261 859/1551/261 851/1548/261
f 850/1552/261 860/1553/261 859/1551/261
f 850/1552/261 861/1554/261 860/1553/261
f 850/1552/261 862/1555/261 861/1554/261
f 849/1556/261 862/1555/261 850/1552/261
f 849/1556/261 863/1557/261 862/1555/261
f 849/1556/261 864/1558/261 863/1557/261
f 849/1556/261 865/1559/261 864/1558/261
f 848/1560/261 865/1559/261 849/1556/261
f 848/1560/261 778/1561/261 865/1559/261
f 778/1561/261 777/1562/261 865/1559/261
f 777/1562/261 776/1563/261 865/1559/261
f 776/1563/261 775/1564/261 865/1559/261
f 775/1564/261 774/1565/261 865/1559/261
f 774/1565/261 773/1566/261 865/1559/261
f 773/1566/261 772/1567/261 865/1559/261
f 772/1567/261 771/1568/261 865/1559/261
f 771/1568/261 770/1569/261 865/1559/261
f 770/1569/261 769/1570/261 865/1559/261
f 769/1570/261 866/1571/261 865/1559/261
f 847/1572/261 780/1573/261 848/1560/261
f 780/1573/261 779/1574/261 848/1560/261
f 779/1574/261 778/1561/261 848/1560/261
f 847/1572/261 781/1575/261 780/1573/261
f 847/1572/261 782/1576/261 781/1575/261
f 847/1572/261 783/1577/261 782/1576/261
f 846/1578/261 783/1577/261 847/1572/261
f 846/1578/261 784/1579/261 783/1577/261
f 846/1578/261 785/1580/261 784/1579/261
f 845/1581/261 785/1580/261 846/1578/261
f 845/1581/261 786/1582/261 785/1580/261
f 845/1581/261 787/1583/261 786/1582/261
f 844/1584/261 787/1583/261 845/1581/261
f 844/1584/261 788/1585/261 787/1583/261
f 843/1586/261 788/1585/261 844/1584/261
f 843/1586/261 789/1587/261 788/1585/261
f 843/1586/261 790/1588/261 789/1587/261
f 842/1589/261 790/1588/261 843/1586/261
f 842/1589/261 791/1590/261 790/1588/261
f 841/1591/261 791/1590/261 842/1589/261
f 841/1591/261 792/1592/261 791/1590/261
f 841/1591/261 793/1593/261 792/1592/261
f 840/1594/261 793/1593/261 841/1591/261
f 840/1594/261 794/1595/261 793/1593/261
f 839/1596/261 794/1595/261 840/1594/261
f 839/1596/261 795/1597/261 794/1595/261
f 838/1598/261 795/1597/261 839/1596/261
f 838/1598/261 796/1599/261 795/1597/261
f 837/1600/261 796/1599/261 838/1598/261
f 837/1600/261 797/1601/261 796/1599/261
f 836/1602/261 797/1601/261 837/1600/261
f 836/1602/261 798/1603/261 797/1601/261
f 815/1604/261 817/1605/261 816/1606/261
f 836/1602/261 799/1607/261 798/1603/261
f 814/1608/261 817/1605/261 815/1604/261
f 835/1609/261 799/1607/261 836/1602/261
f 813/1610/261 817/1605/261 814/1608/261
f 835/1609/261 800/1611/261 799/1607/261
f 812/1612/261 817/1605/261 813/1610/261
f 811/1613/261 817/1605/261 812/1612/261
f 835/1609/261 801/1614/261 800/1611/261
f 810/1615/261 817/1605/261 811/1613/261
f 834/1616/261 801/1614/261 835/1609/261
f 809/1617/261 817/1605/261 810/1615/261
f 834/1616/261 802/1618/261 801/1614/261
f 808/1619/261 817/1605/261 809/1617/261
f 807/1620/261 817/1605/261 808/1619/261
f 834/1616/261 803/1621/261 802/1618/261
f 806/1622/261 817/1605/261 807/1620/261
f 805/1623/261 817/1605/261 806/1622/261
f 834/1616/261 804/1624/261 803/1621/261
f 804/1624/261 817/1605/261 805/1623/261
f 834/1616/261 817/1605/261 804/1624/261
f 833/1625/261 817/1605/261 834/1616/261
f 833/1625/261 818/1626/261 817/1605/261
f 832/1627/261 818/1626/261 833/1625/261
f 832/1627/261 819/1628/261 818/1626/261
f 832/1627/261 820/1629/261 819/1628/261
f 832/1627/261 821/1630/261 820/1629/261
f 831/1631/261 821/1630/261 832/1627/261
f 831/1631/261 822/1632/261 821/1630/261
f 831/1631/261 823/1633/261 822/1632/261
f 831/1631/261 824/1634/261 823/1633/261
f 830/1635/261 824/1634/261 831/1631/261
f 830/1635/261 825/1636/261 824/1634/261
f 830/1635/261 826/1637/261 825/1636/261
f 830/1635/261 827/1638/261 826/1637/261
f 829/1639/261 827/1638/261 830/1635/261
f 829/1639/261 828/1640/261 827/1638/261
f 892/1641/261 919/1642/261 893/1643/261
f 919/1642/261 867/1570/261 893/1643/261
f 919/1642/261 868/1644/261 867/1570/261
f 919/1642/261 869/1645/261 868/1644/261
f 919/1642/261 870/1646/261 869/1645/261
f 919/1642/261 871/1647/261 870/1646/261
f 919/1642/261 872/1648/261 871/1647/261
f 919/1642/261 918/1649/261 872/1648/261
f 918/1649/261 917/1650/261 872/1648/261
f 917/1650/261 873/1651/261 872/1648/261
f 892/1641/261 920/1571/261 919/1642/261
f 916/1652/261 873/1651/261 917/1650/261
f 915/1653/261 873/1651/261 916/1652/261
f 914/1654/261 873/1651/261 915/1653/261
f 914/1654/261 874/1655/261 873/1651/261
f 913/1656/261 874/1655/261 914/1654/261
f 912/1657/261 874/1655/261 913/1656/261
f 912/1657/261 875/1658/261 874/1655/261
f 911/1659/261 875/1658/261 912/1657/261
f 911/1659/261 876/1660/261 875/1658/261
f 910/1661/261 876/1660/261 911/1659/261
f 909/1662/261 876/1660/261 910/1661/261
f 909/1662/261 877/1663/261 876/1660/261
f 908/1664/261 877/1663/261 909/1662/261
f 908/1664/261 878/1665/261 877/1663/261
f 907/1666/261 878/1665/261 908/1664/261
f 907/1666/261 879/1667/261 878/1665/261
f 906/1668/261 879/1667/261 907/1666/261
f 905/1669/261 879/1667/261 906/1668/261
f 905/1669/261 880/1670/261 879/1667/261
f 904/1671/261 880/1670/261 905/1669/261
f 904/1671/261 881/1672/261 880/1670/261
f 903/1673/261 881/1672/261 904/1671/261
f 902/1674/261 881/1672/261 903/1673/261
f 902/1674/261 882/1675/261 881/1672/261
f 901/1676/261 882/1675/261 902/1674/261
f 901/1676/261 883/1677/261 882/1675/261
f 900/1678/261 883/1677/261 901/1676/261
f 899/1679/261 883/1677/261 900/1678/261
f 899/1679/261 884/1680/261 883/1677/261
f 898/1681/261 884/1680/261 899/1679/261
f 898/1681/261 885/1682/261 884/1680/261
f 897/1683/261 885/1682/261 898/1681/261
f 896/1684/261 885/1682/261 897/1683/261
f 896/1684/261 886/1685/261 885/1682/261
f 895/1686/261 886/1685/261 896/1684/261
f 894/1687/261 886/1685/261 895/1686/261
f 892/1641/261 894/1687/261 920/1571/261
f 892/1641/261 886/1685/261 894/1687/261
f 892/1641/261 887/1688/261 886/1685/261
f 892/1641/261 888/1689/261 887/1688/261
f 892/1641/261 889/1690/261 888/1689/261
f 892/1641/261 890/1691/261 889/1690/261
f 892/1641/261 891/1692/261 890/1691/261
f 1004/1543/262 1005/1545/262 1006/1544/262
f 1004/1543/262 1006/1544/262 1007/1546/262
f 1004/1543/262 1007/1546/262 1008/1547/262
f 1003/1548/262 1004/1543/262 1008/1547/262
f 1003/1548/262 1008/1547/262 1009/1549/262
f 1003/1548/262 1009/1549/262 1010/1550/262
f 1003/1548/262 1010/1550/262 1011/1551/262
f 1002/1552/262 1003/1548/262 1011/1551/262
f 1002/1552/262 1011/1551/262 1012/1553/262
f 1002/1552/262 1012/1553/262 1013/1554/262
f 1002/1552/262 1013/1554/262 1014/1555/262
f 1001/1556/262 1002/1552/262 1014/1555/262
f 1001/1556/262 1014/1555/262 1015/1557/262
f 1001/1556/262 1015/1557/262 1016/1558/262
f 1001/1556/262 1016/1558/262 1017/1559/262
f 1000/1560/262 1001/1556/262 1017/1559/262
f 1000/1560/262 1017/1559/262 930/1561/262
f 930/1561/262 1017/1559/262 929/1562/262
f 929/1562/262 1017/1559/262 928/1563/262
f 928/1563/262 1017/1559/262 927/1564/262
f 927/1564/262 1017/1559/262 926/1565/262
f 926/1565/262 1017/1559/262 925/1566/262
f 925/1566/262 1017/1559/262 924/1567/262
f 924/1567/262 1017/1559/262 923/1568/262
f 923/1568/262 1017/1559/262 922/1569/262
f 922/1569/262 1017/1559/262 921/1570/262
f 921/1570/262 1017/1559/262 1018/1571/262
f 999/1572/262 1000/1560/262 932/1573/262
f 932/1573/262 1000/1560/262 931/1574/262
f 931/1574/262 1000/1560/262 930/1561/262
f 999/1572/262 932/1573/262 933/1575/262
f 999/1572/262 933/1575/262 934/1576/262
f 999/1572/262 934/1576/262 935/1577/262
f 998/1578/262 999/1572/262 935/1577/262
f 998/1578/262 935/1577/262 936/1579/262
f 998/1578/262 936/1579/262 937/1580/262
f 997/1581/262 998/1578/262 937/1580/262
f 997/1581/262 937/1580/262 938/1582/262
f 997/1581/262 938/1582/262 939/1583/262
f 996/1584/262 997/1581/262 939/1583/262
f 996/1584/262 939/1583/262 940/1585/262
f 995/1586/262 996/1584/262 940/1585/262
f 995/1586/262 940/1585/262 941/1587/262
f 995/1586/262 941/1587/262 942/1588/262
f 994/1589/262 995/1586/262 942/1588/262
f 994/1589/262 942/1588/262 943/1590/262
f 993/1591/262 994/1589/262 943/1590/262
f 993/1591/262 943/1590/262 944/1592/262
f 993/1591/262 944/1592/262 945/1593/262
f 992/1594/262 993/1591/262 945/1593/262
f 992/1594/262 945/1593/262 946/1595/262
f 991/1596/262 992/1594/262 946/1595/262
f 991/1596/262 946/1595/262 947/1597/262
f 990/1598/262 991/1596/262 947/1597/262
f 990/1598/262 947/1597/262 948/1599/262
f 989/1600/262 990/1598/262 948/1599/262
f 989/1600/262 948/1599/262 949/1601/262
f 988/1602/262 989/1600/262 949/1601/262
f 988/1602/262 949/1601/262 950/1603/262
f 967/1604/262 968/1606/262 969/1605/262
f 988/1602/262 950/1603/262 951/1607/262
f 966/1608/262 967/1604/262 969/1605/262
f 987/1609/262 988/1602/262 951/1607/262
f 965/1610/262 966/1608/262 969/1605/262
f 987/1609/262 951/1607/262 952/1611/262
f 964/1612/262 965/1610/262 969/1605/262
f 963/1613/262 964/1612/262 969/1605/262
f 987/1609/262 952/1611/262 953/1614/262
f 962/1615/262 963/1613/262 969/1605/262
f 986/1616/262 987/1609/262 953/1614/262
f 961/1617/262 962/1615/262 969/1605/262
f 986/1616/262 953/1614/262 954/1618/262
f 960/1619/262 961/1617/262 969/1605/262
f 959/1620/262 960/1619/262 969/1605/262
f 986/1616/262 954/1618/262 955/1621/262
f 958/1622/262 959/1620/262 969/1605/262
f 957/1623/262 958/1622/262 969/1605/262
f 986/1616/262 955/1621/262 956/1624/262
f 956/1624/262 957/1623/262 969/1605/262
f 986/1616/262 956/1624/262 969/1605/262
f 985/1625/262 986/1616/262 969/1605/262
f 985/1625/262 969/1605/262 970/1626/262
f 984/1627/262 985/1625/262 970/1626/262
f 984/1627/262 970/1626/262 971/1628/262
f 984/1627/262 971/1628/262 972/1629/262
f 984/1627/262 972/1629/262 973/1630/262
f 983/1631/262 984/1627/262 973/1630/262
f 983/1631/262 973/1630/262 974/1632/262
f 983/1631/262 974/1632/262 975/1633/262
f 983/1631/262 975/1633/262 976/1634/262
f 982/1635/262 983/1631/262 976/1634/262
f 982/1635/262 976/1634/262 977/1636/262
f 982/1635/262 977/1636/262 978/1637/262
f 982/1635/262 978/1637/262 979/1638/262
f 981/1639/262 982/1635/262 979/1638/262
f 981/1639/262 979/1638/262 980/1640/262
f 1044/1641/262 1045/1643/262 1071/1642/262
f 1071/1642/262 1045/1643/262 1019/1570/262
f 1071/1642/262 1019/1570/262 1020/1644/262
f 1071/1642/262 1020/1644/262 1021/1645/262
f 1071/1642/262 1021/1645/262 1022/1646/262
f 1071/1642/262 1022/1646/262 1023/1647/262
f 1071/1642/262 1023/1647/262 1024/1648/262
f 1071/1642/262 1024/1648/262 1070/1649/262
f 1070/1649/262 1024/1648/262 1069/1650/262
f 1069/1650/262 1024/1648/262 1025/1651/262
f 1044/1641/262 1071/1642/262 1072/1571/262
f 1068/1652/262 1069/1650/262 1025/1651/262
f 1067/1653/262 1068/1652/262 1025/1651/262
f 1066/1654/262 1067/1653/262 1025/1651/262
f 1066/1654/262 1025/1651/262 1026/1655/262
f 1065/1656/262 1066/1654/262 1026/1655/262
f 1064/1657/262 1065/1656/262 1026/1655/262
f 1064/1657/262 1026/1655/262 1027/1658/262
f 1063/1659/262 1064/1657/262 1027/1658/262
f 1063/1659/262 1027/1658/262 1028/1660/262
f 1062/1661/262 1063/1659/262 1028/1660/262
f 1061/1662/262 1062/1661/262 1028/1660/262
f 1061/1662/262 1028/1660/262 1029/1663/262
f 1060/1664/262 1061/1662/262 1029/1663/262
f 1060/1664/262 1029/1663/262 1030/1665/262
f 1059/1666/262 1060/1664/262 1030/1665/262
f 1059/1666/262 1030/1665/262 1031/1667/262
f 1058/1668/262 1059/1666/262 1031/1667/262
f 1057/1669/262 1058/1668/262 1031/1667/262
f 1057/1669/262 1031/1667/262 1032/1670/262
f 1056/1671/262 1057/1669/262 1032/1670/262
f 1056/1671/262 1032/1670/262 1033/1672/262
f 1055/1673/262 1056/1671/262 1033/1672/262
f 1054/1674/262 1055/1673/262 1033/1672/262
f 1054/1674/262 1033/1672/262 1034/1675/262
f 1053/1676/262 1054/1674/262 1034/1675/262
f 1053/1676/262 1034/1675/262 1035/1677/262
f 1052/1678/262 1053/1676/262 1035/1677/262
f 1051/1679/262 1052/1678/262 1035/1677/262
f 1051/1679/262 1035/1677/262 1036/1680/262
f 1050/1681/262 1051/1679/262 1036/1680/262
f 1050/1681/262 1036/1680/262 1037/1682/262
f 1049/1683/262 1050/1681/262 1037/1682/262
f 1048/1684/262 1049/1683/262 1037/1682/262
f 1048/1684/262 1037/1682/262 1038/1685/262
f 1047/1686/262 1048/1684/262 1038/1685/262
f 1046/1687/262 1047/1686/262 1038/1685/262
f 1044/1641/262 1072/1571/262 1046/1687/262
f 1044/1641/262 1046/1687/262 1038/1685/262
f 1044/1641/262 1038/1685/262 1039/1688/262
f 1044/1641/262 1039/1688/262 1040/1689/262
f 1044/1641/262 1040/1689/262 1041/1690/262
f 1044/1641/262 1041/1690/262 1042/1691/262
f 1044/1641/262 1042/1691/262 1043/1692/262
s 1
f 1074/1693/263 1076/1694/264 1075/1695/264 1073/1570/263
f 1076/1694/264 1078/1696/265 1077/1697/265 1075/1695/264
f 1078/1696/265 1080/1698/266 1079/1699/266 1077/1697/265
f 1080/1698/266 1082/1700/267 1081/1701/267 1079/1699/266
f 1082/1700/267 1084/1702/268 1083/1703/268 1081/1701/267
f 1084/1702/268 1086/1704/269 1085/1705/269 1083/1703/268
f 1086/1704/269 1088/1706/270 1087/1707/270 1085/1705/269
f 1088/1706/270 1090/1708/271 1089/1709/271 1087/1707/270
f 1090/1708/271 1092/1710/272 1091/1711/272 1089/1709/271
f 1092/1710/272 1094/1712/273 1093/1713/273 1091/1711/272
f 1094/1712/273 1096/1714/274 1095/1715/274 1093/1713/273
f 1096/1714/274 1098/1716/275 1097/1717/275 1095/1715/274
f 1098/1716/275 1100/1718/276 1099/1719/276 1097/1717/275
f 1100/1718/276 1102/1720/277 1101/1721/277 1099/1719/276
f 1102/1720/277 1104/1722/278 1103/1723/278 1101/1721/277
f 1104/1722/278 1106/1724/279 1105/1725/279 1103/1723/278
f 1106/1724/279 1108/1726/280 1107/1727/280 1105/1725/279
f 1108/1726/280 1110/1728/281 1109/1729/281 1107/1727/280
f 1110/1728/281 1112/1730/282 1111/1731/282 1109/1729/281
f 1112/1730/282 1114/1732/283 1113/1733/283 1111/1731/282
f 1114/1732/283 1116/1734/284 1115/1735/284 1113/1733/283
f 1116/1734/284 1118/1736/285 1117/1737/285 1115/1735/284
f 1118/1736/285 1120/1738/286 1119/1739/286 1117/1737/285
f 1120/1738/286 1122/1740/287 1121/1741/287 1119/1739/286
f 1124/1693/288 1126/1694/289 1125/1695/289 1123/1570/288
f 1126/1694/289 1128/1696/290 1127/1697/290 1125/1695/289
f 1128/1696/290 1130/1698/291 1129/1699/291 1127/1697/290
f 1130/1698/291 1132/1700/292 1131/1701/292 1129/1699/291
f 1132/1700/292 1134/1702/293 1133/1703/293 1131/1701/292
f 1134/1702/293 1136/1704/294 1135/1705/294 1133/1703/293
f 1136/1704/294 1138/1706/295 1137/1707/295 1135/1705/294
f 1138/1706/295 1140/1708/296 1139/1709/296 1137/1707/295
f 1140/1708/296 1142/1710/297 1141/1711/297 1139/1709/296
f 1142/1710/297 1144/1712/298 1143/1713/298 1141/1711/297
f 1144/1712/298 1146/1714/299 1145/1715/299 1143/1713/298
f 1146/1714/299 1148/1716/300 1147/1717/300 1145/1715/299
f 1148/1716/300 1150/1718/301 1149/1719/301 1147/1717/300
f 1150/1718/301 1152/1720/302 1151/1721/302 1149/1719/301
f 1152/1720/302 1154/1722/303 1153/1723/303 1151/1721/302
f 1154/1722/303 1156/1724/304 1155/1725/304 1153/1723/303
f 1156/1724/304 1158/1726/305 1157/1727/305 1155/1725/304
f 1158/1726/305 1160/1728/306 1159/1729/306 1157/1727/305
f 1160/1728/306 1162/1730/307 1161/1731/307 1159/1729/306
f 1162/1730/307 1164/1732/308 1163/1733/308 1161/1731/307
f 1164/1732/308 1166/1734/309 1165/1735/309 1163/1733/308
f 1166/1734/309 1168/1736/310 1167/1737/310 1165/1735/309
f 1168/1736/310 1170/1738/311 1169/1739/311 1167/1737/310
f 1170/1738/311 1172/1740/312 1171/1741/312 1169/1739/311
f 1174/1693/313 1176/1742/314 1175/1743/314 1173/1570/313
f 1176/1742/314 1178/1744/315 1177/1745/315 1175/1743/314
f 1178/1744/315 1180/1746/316 1179/1747/316 1177/1745/315
f 1180/1746/316 1182/1748/317 1181/1749/317 1179/1747/316
f 1182/1748/317 1184/1750/318 1183/1751/318 1181/1749/317
f 1184/1750/318 1186/1752/319 1185/1753/319 1183/1751/318
f 1186/1752/319 1188/1754/320 1187/1755/320 1185/1753/319
f 1188/1754/320 1190/1756/321 1189/1757/321 1187/1755/320
f 1190/1756/321 1192/1758/322 1191/1759/322 1189/1757/321
f 1192/1758/322 1194/1760/323 1193/1761/323 1191/1759/322
f 1194/1760/323 1196/1762/324 1195/1763/324 1193/1761/323
f 1196/1762/324 1198/1764/325 1197/1765/325 1195/1763/324
f 1198/1764/325 1200/1766/326 1199/1767/326 1197/1765/325
f 1200/1766/326 1202/1768/327 1201/1769/327 1199/1767/326
f 1202/1768/327 1204/1770/328 1203/1771/328 1201/1769/327
f 1204/1770/328 1206/1772/329 1205/1773/329 1203/1771/328
f 1206/1772/329 1208/1774/330 1207/1775/330 1205/1773/329
f 1208/1774/330 1210/1776/331 1209/1777/331 1207/1775/330
f 1210/1776/331 1212/1778/332 1211/1779/332 1209/1777/331
f 1212/1778/332 1214/1780/333 1213/1781/333 1211/1779/332
f 1214/1780/333 1216/1782/334 1215/1783/334 1213/1781/333
f 1216/1782/334 1218/1784/335 1217/1785/335 1215/1783/334
f 1218/1784/335 1220/1786/336 1219/1787/336 1217/1785/335
f 1220/1786/336 1222/1788/337 1221/1789/337 1219/1787/336
f 1222/1788/337 1224/1790/338 1223/1791/338 1221/1789/337
f 1224/1790/338 1226/1792/339 1225/1793/339 1223/1791/338
f 1226/1792/339 1228/1794/340 1227/1795/340 1225/1793/339
f 1228/1794/340 1230/1796/341 1229/1797/341 1227/1795/340
f 1230/1796/341 1232/1798/342 1231/1799/342 1229/1797/341
f 1232/1798/342 1234/1800/343 1233/1801/343 1231/1799/342
f 1234/1800/343 1236/1802/344 1235/1803/344 1233/1801/343
f 1236/1802/344 1238/1804/345 1237/1805/345 1235/1803/344
f 1238/1804/345 1240/1806/346 1239/1807/346 1237/1805/345
f 1240/1806/346 1242/1808/347 1241/1809/347 1239/1807/346
f 1242/1808/347 1244/1810/348 1243/1811/348 1241/1809/347
f 1244/1810/348 1246/1812/349 1245/1813/349 1243/1811/348
f 1246/1812/349 1248/1814/350 1247/1815/350 1245/1813/349
f 1248/1814/350 1250/1816/351 1249/1817/351 1247/1815/350
f 1250/1816/351 1252/1818/352 1251/1819/352 1249/1817/351
f 1252/1818/352 1254/1820/353 1253/1821/353 1251/1819/352
f 1254/1820/353 1256/1822/354 1255/1823/354 1253/1821/353
f 1256/1822/354 1258/1824/355 1257/1825/355 1255/1823/354
f 1258/1824/355 1260/1826/356 1259/1827/356 1257/1825/355
f 1260/1826/356 1262/1828/357 1261/1829/357 1259/1827/356
f 1262/1828/357 1264/1830/358 1263/1831/358 1261/1829/357
f 1264/1830/358 1266/1832/359 1265/1833/359 1263/1831/358
f 1268/1834/360 1270/1835/361 1269/1836/361 1267/1837/360
f 1270/1835/361 1272/1838/362 1271/1839/362 1269/1836/361
f 1272/1838/362 1274/1840/363 1273/1841/363 1271/1839/362
f 1274/1840/363 1276/1842/364 1275/1843/364 1273/1841/363
f 1276/1842/364 1278/1844/365 1277/1845/365 1275/1843/364
f 1278/1844/365 1280/1846/366 1279/1847/366 1277/1845/365
f 1280/1846/366 1282/1848/367 1281/1849/367 1279/1847/366
f 1282/1848/367 1284/1850/368 1283/1851/368 1281/1849/367
f 1284/1850/368 1286/1852/369 1285/1853/369 1283/1851/368
f 1286/1852/369 1288/1854/370 1287/1855/370 1285/1853/369
f 1288/1854/370 1290/1856/371 1289/1857/371 1287/1855/370
f 1290/1856/371 1292/1858/372 1291/1859/372 1289/1857/371
f 1292/1858/372 1294/1860/373 1293/1861/373 1291/1859/372
f 1294/1860/373 1296/1862/374 1295/1863/374 1293/1861/373
f 1296/1862/374 1298/1864/375 1297/1865/375 1295/1863/374
f 1298/1864/375 1300/1866/376 1299/1867/376 1297/1865/375
f 1300/1866/376 1302/1868/377 1301/1869/377 1299/1867/376
f 1302/1868/377 1304/1870/378 1303/1871/378 1301/1869/377
f 1304/1870/378 1306/1872/379 1305/1873/379 1303/1871/378
f 1306/1872/379 1308/1874/380 1307/1875/380 1305/1873/379
f 1308/1874/380 1310/1876/381 1309/1877/381 1307/1875/380
f 1310/1876/381 1312/1878/382 1311/1879/382 1309/1877/381
f 1312/1878/382 1314/1880/383 1313/1881/383 1311/1879/382
f 1314/1880/383 1316/1882/384 1315/1883/384 1313/1881/383
f 1316/1882/384 1318/1884/385 1317/1885/385 1315/1883/384
f 1318/1884/385 1320/1886/386 1319/1887/386 1317/1885/385
f 1320/1886/386 1322/1888/387 1321/1889/387 1319/1887/386
f 1322/1888/387 1324/1890/388 1323/1891/388 1321/1889/387
f 1324/1890/388 1326/1892/389 1325/1893/389 1323/1891/388
f 1326/1892/389 1328/1894/390 1327/1895/390 1325/1893/389
f 1328/1894/390 1330/1896/391 1329/1897/391 1327/1895/390
f 1330/1896/391 1332/1898/392 1331/1899/392 1329/1897/391
f 1332/1898/392 1334/1900/393 1333/1901/393 1331/1899/392
f 1334/1900/393 1336/1902/394 1335/1903/394 1333/1901/393
f 1336/1902/394 1338/1904/395 1337/1905/395 1335/1903/394
f 1338/1904/395 1340/1906/396 1339/1907/396 1337/1905/395
f 1340/1906/396 1342/1908/397 1341/1909/397 1339/1907/396
f 1342/1908/397 1344/1910/398 1343/1911/398 1341/1909/397
f 1344/1910/398 1346/1912/399 1345/1913/399 1343/1911/398
f 1346/1912/399 1348/1914/400 1347/1915/400 1345/1913/399
f 1348/1914/400 1350/1916/401 1349/1917/401 1347/1915/400
f 1350/1916/401 1352/1918/402 1351/1919/402 1349/1917/401
f 1352/1918/402 1354/1920/403 1353/1921/403 1351/1919/402
f 1354/1920/403 1356/1922/404 1355/1923/404 1353/1921/403
f 1356/1922/404 1358/1924/405 1357/1925/405 1355/1923/404
f 1358/1924/405 1360/1926/406 1359/1927/406 1357/1925/405
f 1361/1928/407 1366/1929/407 1368/1930/408 1363/1931/408
f 1363/1931/408 1368/1930/408 1367/1932/409 1364/1933/409
f 1364/1933/409 1367/1932/409 1365/1934/410 1362/1935/410
f 1369/1936/411 1374/1937/411 1376/1938/412 1371/1939/412
f 1371/1939/412 1376/1938/412 1375/1940/413 1372/1941/413
f 1372/1941/413 1375/1940/413 1373/1942/414 1370/1943/414
f 1377/1944/415 1382/1945/415 1384/1946/416 1379/1947/416
f 1379/1947/416 1384/1946/416 1383/1948/417 1380/1949/417
f 1380/1949/417 1383/1948/417 1381/1950/418 1378/1951/418
f 1385/1952/419 1390/1953/419 1392/1954/420 1387/1955/420
f 1387/1955/420 1392/1954/420 1391/1956/421 1388/1957/421
f 1388/1957/421 1391/1956/421 1389/1958/422 1386/1959/422
f 1393/1960/423 1398/1961/423 1400/1962/424 1395/1963/424
f 1395/1963/424 1400/1962/424 1399/1964/425 1396/1965/425
f 1396/1965/425 1399/1964/425 1397/1966/426 1394/1967/426
f 1401/1968/427 1406/1969/427 1408/1970/428 1403/1971/428
f 1403/1971/428 1408/1970/428 1407/1972/429 1404/1973/429
f 1404/1973/429 1407/1972/429 1405/1974/430 1402/1975/430
f 1409/1976/431 1414/1977/431 1416/1978/432 1411/1979/432
f 1411/1979/432 1416/1978/432 1415/1980/433 1412/1981/433
f 1412/1981/433 1415/1980/433 1413/1982/434 1410/1983/434
f 1417/1984/435 1422/1985/435 1424/1986/436 1419/1987/436
f 1419/1987/436 1424/1986/436 1423/1988/437 1420/1989/437
f 1420/1989/437 1423/1988/437 1421/1990/438 1418/1991/438
f 1365/1934/410 1374/1937/411 1369/1936/411 1362/1935/410
f 1122/1740/287 1366/1929/407 1361/1928/407 1121/1741/287
f 1373/1942/414 1074/1992/263 1073/1571/263 1370/1943/414
f 1381/1950/418 1390/1953/419 1385/1952/419 1378/1951/418
f 1172/1740/312 1382/1945/415 1377/1944/415 1171/1741/312
f 1389/1958/422 1124/1992/288 1123/1571/288 1386/1959/422
f 1397/1966/426 1406/1969/427 1401/1968/427 1394/1967/426
f 1266/1832/359 1398/1961/423 1393/1960/423 1265/1833/359
f 1405/1974/430 1268/1834/360 1267/1837/360 1402/1975/430
f 1413/1982/434 1422/1985/435 1417/1984/435 1410/1983/434
f 1360/1926/406 1414/1977/431 1409/1976/431 1359/1927/406
f 1421/1990/438 1174/1992/313 1173/1571/313 1418/1991/438
o Text.001
v 0.328119 -0.095000 0.120845
v 0.317956 -0.095000 0.126137
v 0.307977 -0.095000 0.130883
v 0.298148 -0.095000 0.135093
v 0.288438 -0.095000 0.138775
v 0.278812 -0.095000 0.141938
v 0.269239 -0.095000 0.144590
v 0.259685 -0.095000 0.146741
v 0.250117 -0.095000 0.148399
v 0.240502 -0.095000 0.149572
v 0.230808 -0.095000 0.150269
v 0.221000 -0.095000 0.150500
v 0.201939 -0.095000 0.149365
v 0.183843 -0.095000 0.146042
v 0.166844 -0.095000 0.140656
v 0.151074 -0.095000 0.133333
v 0.136666 -0.095000 0.124198
v 0.123750 -0.095000 0.113375
v 0.112460 -0.095000 0.100990
v 0.102926 -0.095000 0.087167
v 0.095281 -0.095000 0.072031
v 0.089657 -0.095000 0.055708
v 0.086186 -0.095000 0.038323
v 0.085000 -0.095000 0.020000
v 0.086149 -0.095000 0.001382
v 0.089528 -0.095000 -0.016155
v 0.095031 -0.095000 -0.032508
v 0.102556 -0.095000 -0.047574
v 0.111997 -0.095000 -0.061251
v 0.123250 -0.095000 -0.073437
v 0.136212 -0.095000 -0.084030
v 0.150778 -0.095000 -0.092926
v 0.166844 -0.095000 -0.100023
v 0.184306 -0.095000 -0.105220
v 0.203059 -0.095000 -0.108413
v 0.223000 -0.095000 -0.109500
v 0.232694 -0.095000 -0.109220
v 0.242509 -0.095000 -0.108384
v 0.252422 -0.095000 -0.107000
v 0.262407 -0.095000 -0.105074
v 0.272442 -0.095000 -0.102613
v 0.282500 -0.095000 -0.099625
v 0.292558 -0.095000 -0.096116
v 0.302593 -0.095000 -0.092093
v 0.312578 -0.095000 -0.087562
v 0.322491 -0.095000 -0.082532
v 0.332306 -0.095000 -0.077009
v 0.342000 -0.095000 -0.071000
v 0.342000 -0.095000 -0.124500
v 0.333554 -0.095000 -0.128766
v 0.324935 -0.095000 -0.132799
v 0.316094 -0.095000 -0.136570
v 0.306982 -0.095000 -0.140056
v 0.297550 -0.095000 -0.143228
v 0.287750 -0.095000 -0.146062
v 0.277534 -0.095000 -0.148532
v 0.266852 -0.095000 -0.150611
v 0.255656 -0.095000 -0.152273
v 0.243898 -0.095000 -0.153493
v 0.231529 -0.095000 -0.154244
v 0.218500 -0.095000 -0.154500
v 0.187991 -0.095000 -0.152521
v 0.160426 -0.095000 -0.146873
v 0.135750 -0.095000 -0.137992
v 0.113907 -0.095000 -0.126315
v 0.094843 -0.095000 -0.112276
v 0.078500 -0.095000 -0.096312
v 0.064824 -0.095000 -0.078859
v 0.053759 -0.095000 -0.060352
v 0.045250 -0.095000 -0.041227
v 0.039241 -0.095000 -0.021919
v 0.035676 -0.095000 -0.002865
v 0.034500 -0.095000 0.015500
v 0.036107 -0.095000 0.040889
v 0.040817 -0.095000 0.064944
v 0.048461 -0.095000 0.087500
v 0.058870 -0.095000 0.108389
v 0.071877 -0.095000 0.127445
v 0.087313 -0.095000 0.144500
v 0.105008 -0.095000 0.159389
v 0.124796 -0.095000 0.171945
v 0.146508 -0.095000 0.182000
v 0.169975 -0.095000 0.189389
v 0.195028 -0.095000 0.193945
v 0.221500 -0.095000 0.195500
v 0.230267 -0.095000 0.195322
v 0.239090 -0.095000 0.194780
v 0.248008 -0.095000 0.193867
v 0.257056 -0.095000 0.192574
v 0.266270 -0.095000 0.190892
v 0.275688 -0.095000 0.188813
v 0.285345 -0.095000 0.186327
v 0.295278 -0.095000 0.183426
v 0.305523 -0.095000 0.180102
v 0.316118 -0.095000 0.176345
v 0.327098 -0.095000 0.172147
v 0.338500 -0.095000 0.167500
v 0.338500 -0.095000 0.115000
v -0.194000 -0.095000 0.191000
v -0.163960 -0.095000 0.189183
v -0.136806 -0.095000 0.183961
v -0.112484 -0.095000 0.175680
v -0.090944 -0.095000 0.164685
v -0.072134 -0.095000 0.151323
v -0.056000 -0.095000 0.135938
v -0.042491 -0.095000 0.118875
v -0.031556 -0.095000 0.100482
v -0.023141 -0.095000 0.081102
v -0.017194 -0.095000 0.061081
v -0.013665 -0.095000 0.040765
v -0.012500 -0.095000 0.020500
v -0.013913 -0.095000 -0.001236
v -0.018095 -0.095000 -0.022512
v -0.024961 -0.095000 -0.043055
v -0.034426 -0.095000 -0.062593
v -0.046405 -0.095000 -0.080853
v -0.060813 -0.095000 -0.097562
v -0.077564 -0.095000 -0.112449
v -0.096574 -0.095000 -0.125241
v -0.117758 -0.095000 -0.135664
v -0.141030 -0.095000 -0.143447
v -0.166306 -0.095000 -0.148316
v -0.193500 -0.095000 -0.150000
v -0.326500 -0.095000 -0.150000
v -0.326500 -0.095000 0.191000
v -0.199500 -0.095000 -0.106000
v -0.173497 -0.095000 -0.104313
v -0.150847 -0.095000 -0.099546
v -0.131344 -0.095000 -0.092141
v -0.114778 -0.095000 -0.082537
v -0.100941 -0.095000 -0.071176
v -0.089625 -0.095000 -0.058500
v -0.080622 -0.095000 -0.044948
v -0.073722 -0.095000 -0.030963
v -0.068719 -0.095000 -0.016984
v -0.065403 -0.095000 -0.003454
v -0.063566 -0.095000 0.009188
v -0.063000 -0.095000 0.020500
v -0.063911 -0.095000 0.037379
v -0.066664 -0.095000 0.053655
v -0.071289 -0.095000 0.069164
v -0.077815 -0.095000 0.083741
v -0.086271 -0.095000 0.097220
v -0.096687 -0.095000 0.109438
v -0.109093 -0.095000 0.120228
v -0.123519 -0.095000 0.129426
v -0.139992 -0.095000 0.136867
v -0.158544 -0.095000 0.142387
v -0.179203 -0.095000 0.145819
v -0.202000 -0.095000 0.147000
v -0.277500 -0.095000 0.147000
v -0.277500 -0.095000 -0.106000
v 0.328119 -0.045000 0.120845
v 0.317956 -0.045000 0.126137
v 0.307977 -0.045000 0.130883
v 0.298148 -0.045000 0.135093
v 0.288438 -0.045000 0.138775
v 0.278812 -0.045000 0.141937
v 0.269239 -0.045000 0.144590
v 0.259685 -0.045000 0.146741
v 0.250117 -0.045000 0.148398
v 0.240502 -0.045000 0.149572
v 0.230808 -0.045000 0.150269
v 0.221000 -0.045000 0.150500
v 0.201939 -0.045000 0.149365
v 0.183843 -0.045000 0.146042
v 0.166844 -0.045000 0.140656
v 0.151074 -0.045000 0.133333
v 0.136666 -0.045000 0.124198
v 0.123750 -0.045000 0.113375
v 0.112460 -0.045000 0.100990
v 0.102926 -0.045000 0.087167
v 0.095281 -0.045000 0.072031
v 0.089657 -0.045000 0.055708
v 0.086186 -0.045000 0.038323
v 0.085000 -0.045000 0.020000
v 0.086149 -0.045000 0.001382
v 0.089528 -0.045000 -0.016155
v 0.095031 -0.045000 -0.032508
v 0.102556 -0.045000 -0.047574
v 0.111997 -0.045000 -0.061252
v 0.123250 -0.045000 -0.073438
v 0.136212 -0.045000 -0.084030
v 0.150778 -0.045000 -0.092926
v 0.166844 -0.045000 -0.100024
v 0.184306 -0.045000 -0.105220
v 0.203059 -0.045000 -0.108413
v 0.223000 -0.045000 -0.109500
v 0.232694 -0.045000 -0.109220
v 0.242509 -0.045000 -0.108384
v 0.252422 -0.045000 -0.107000
v 0.262407 -0.045000 -0.105074
v 0.272442 -0.045000 -0.102614
v 0.282500 -0.045000 -0.099625
v 0.292558 -0.045000 -0.096116
v 0.302593 -0.045000 -0.092093
v 0.312578 -0.045000 -0.087563
v 0.322491 -0.045000 -0.082532
v 0.332306 -0.045000 -0.077009
v 0.342000 -0.045000 -0.071000
v 0.342000 -0.045000 -0.124500
v 0.333554 -0.045000 -0.128767
v 0.324935 -0.045000 -0.132799
v 0.316094 -0.045000 -0.136570
v 0.306982 -0.045000 -0.140056
v 0.297550 -0.045000 -0.143228
v 0.287750 -0.045000 -0.146063
v 0.277534 -0.045000 -0.148532
v 0.266852 -0.045000 -0.150611
v 0.255656 -0.045000 -0.152274
v 0.243898 -0.045000 -0.153493
v 0.231529 -0.045000 -0.154244
v 0.218500 -0.045000 -0.154500
v 0.187991 -0.045000 -0.152521
v 0.160426 -0.045000 -0.146873
v 0.135750 -0.045000 -0.137992
v 0.113907 -0.045000 -0.126315
v 0.094843 -0.045000 -0.112276
v 0.078500 -0.045000 -0.096313
v 0.064824 -0.045000 -0.078859
v 0.053759 -0.045000 -0.060352
v 0.045250 -0.045000 -0.041227
v 0.039241 -0.045000 -0.021919
v 0.035676 -0.045000 -0.002865
v 0.034500 -0.045000 0.015500
v 0.036107 -0.045000 0.040889
v 0.040817 -0.045000 0.064944
v 0.048461 -0.045000 0.087500
v 0.058870 -0.045000 0.108389
v 0.071877 -0.045000 0.127444
v 0.087313 -0.045000 0.144500
v 0.105008 -0.045000 0.159389
v 0.124796 -0.045000 0.171944
v 0.146508 -0.045000 0.182000
v 0.169975 -0.045000 0.189389
v 0.195028 -0.045000 0.193944
v 0.221500 -0.045000 0.195500
v 0.230267 -0.045000 0.195321
v 0.239090 -0.045000 0.194780
v 0.248008 -0.045000 0.193867
v 0.257056 -0.045000 0.192574
v 0.266270 -0.045000 0.190892
v 0.275688 -0.045000 0.188812
v 0.285345 -0.045000 0.186327
v 0.295278 -0.045000 0.183426
v 0.305523 -0.045000 0.180102
v 0.316118 -0.045000 0.176345
v 0.327098 -0.045000 0.172147
v 0.338500 -0.045000 0.167500
v 0.338500 -0.045000 0.115000
v -0.194000 -0.045000 0.191000
v -0.163960 -0.045000 0.189183
v -0.136806 -0.045000 0.183961
v -0.112484 -0.045000 0.175680
v -0.090944 -0.045000 0.164685
v -0.072134 -0.045000 0.151323
v -0.056000 -0.045000 0.135937
v -0.042491 -0.045000 0.118875
v -0.031556 -0.045000 0.100481
v -0.023141 -0.045000 0.081101
v -0.017194 -0.045000 0.061081
v -0.013665 -0.045000 0.040765
v -0.012500 -0.045000 0.020500
v -0.013913 -0.045000 -0.001236
v -0.018095 -0.045000 -0.022512
v -0.024961 -0.045000 -0.043055
v -0.034426 -0.045000 -0.062593
v -0.046405 -0.045000 -0.080853
v -0.060813 -0.045000 -0.097563
v -0.077564 -0.045000 -0.112449
v -0.096574 -0.045000 -0.125241
v -0.117758 -0.045000 -0.135664
v -0.141030 -0.045000 -0.143447
v -0.166306 -0.045000 -0.148316
v -0.193500 -0.045000 -0.150000
v -0.326500 -0.045000 -0.150000
v -0.326500 -0.045000 0.191000
v -0.199500 -0.045000 -0.106000
v -0.173497 -0.045000 -0.104313
v -0.150847 -0.045000 -0.099546
v -0.131344 -0.045000 -0.092141
v -0.114778 -0.045000 -0.082537
v -0.100941 -0.045000 -0.071177
v -0.089625 -0.045000 -0.058500
v -0.080622 -0.045000 -0.044949
v -0.073722 -0.045000 -0.030963
v -0.068719 -0.045000 -0.016984
v -0.065403 -0.045000 -0.003454
v -0.063566 -0.045000 0.009188
v -0.063000 -0.045000 0.020500
v -0.063911 -0.045000 0.037379
v -0.066664 -0.045000 0.053655
v -0.071289 -0.045000 0.069164
v -0.077815 -0.045000 0.083741
v -0.086271 -0.045000 0.097220
v -0.096687 -0.045000 0.109437
v -0.109093 -0.045000 0.120228
v -0.123519 -0.045000 0.129426
v -0.139992 -0.045000 0.136867
v -0.158544 -0.045000 0.142387
v -0.179203 -0.045000 0.145819
v -0.202000 -0.045000 0.147000
v -0.277500 -0.045000 0.147000
v -0.277500 -0.045000 -0.106000
v -0.194000 -0.045000 0.191000
v -0.194000 -0.095000 0.191000
v -0.163960 -0.045000 0.189183
v -0.163960 -0.095000 0.189183
v -0.136806 -0.045000 0.183961
v -0.136806 -0.095000 0.183961
v -0.112484 -0.045000 0.175680
v -0.112484 -0.095000 0.175680
v -0.090944 -0.045000 0.164685
v -0.090944 -0.095000 0.164685
v -0.072134 -0.045000 0.151323
v -0.072134 -0.095000 0.151323
v -0.056000 -0.045000 0.135937
v -0.056000 -0.095000 0.135938
v -0.042491 -0.045000 0.118875
v -0.042491 -0.095000 0.118875
v -0.031556 -0.045000 0.100481
v -0.031556 -0.095000 0.100482
v -0.023141 -0.045000 0.081101
v -0.023141 -0.095000 0.081102
v -0.017194 -0.045000 0.061081
v -0.017194 -0.095000 0.061081
v -0.013665 -0.045000 0.040765
v -0.013665 -0.095000 0.040765
v -0.012500 -0.045000 0.020500
v -0.012500 -0.095000 0.020500
v -0.013913 -0.045000 -0.001236
v -0.013913 -0.095000 -0.001236
v -0.018095 -0.045000 -0.022512
v -0.018095 -0.095000 -0.022512
v -0.024961 -0.045000 -0.043055
v -0.024961 -0.095000 -0.043055
v -0.034426 -0.045000 -0.062593
v -0.034426 -0.095000 -0.062593
v -0.046405 -0.045000 -0.080853
v -0.046405 -0.095000 -0.080853
v -0.060813 -0.045000 -0.097563
v -0.060813 -0.095000 -0.097562
v -0.077564 -0.045000 -0.112449
v -0.077564 -0.095000 -0.112449
v -0.096574 -0.045000 -0.125241
v -0.096574 -0.095000 -0.125241
v -0.117758 -0.045000 -0.135664
v -0.117758 -0.095000 -0.135664
v -0.141030 -0.045000 -0.143447
v -0.141030 -0.095000 -0.143447
v -0.166306 -0.045000 -0.148316
v -0.166306 -0.095000 -0.148316
v -0.193500 -0.045000 -0.150000
v -0.193500 -0.095000 -0.150000
v -0.199500 -0.045000 -0.106000
v -0.199500 -0.095000 -0.106000
v -0.173497 -0.045000 -0.104313
v -0.173497 -0.095000 -0.104313
v -0.150847 -0.045000 -0.099546
v -0.150847 -0.095000 -0.099546
v -0.131344 -0.045000 -0.092141
v -0.131344 -0.095000 -0.092141
v -0.114778 -0.045000 -0.082537
v -0.114778 -0.095000 -0.082537
v -0.100941 -0.045000 -0.071177
v -0.100941 -0.095000 -0.071176
v -0.089625 -0.045000 -0.058500
v -0.089625 -0.095000 -0.058500
v -0.080622 -0.045000 -0.044949
v -0.080622 -0.095000 -0.044948
v -0.073722 -0.045000 -0.030963
v -0.073722 -0.095000 -0.030963
v -0.068719 -0.045000 -0.016984
v -0.068719 -0.095000 -0.016984
v -0.065403 -0.045000 -0.003454
v -0.065403 -0.095000 -0.003454
v -0.063566 -0.045000 0.009188
v -0.063566 -0.095000 0.009188
v -0.063000 -0.045000 0.020500
v -0.063000 -0.095000 0.020500
v -0.063911 -0.045000 0.037379
v -0.063911 -0.095000 0.037379
v -0.066664 -0.045000 0.053655
v -0.066664 -0.095000 0.053655
v -0.071289 -0.045000 0.069164
v -0.071289 -0.095000 0.069164
v -0.077815 -0.045000 0.083741
v -0.077815 -0.095000 0.083741
v -0.086271 -0.045000 0.097220
v -0.086271 -0.095000 0.097220
v -0.096687 -0.045000 0.109437
v -0.096687 -0.095000 0.109438
v -0.109093 -0.045000 0.120228
v -0.109093 -0.095000 0.120228
v -0.123519 -0.045000 0.129426
v -0.123519 -0.095000 0.129426
v -0.139992 -0.045000 0.136867
v -0.139992 -0.095000 0.136867
v -0.158544 -0.045000 0.142387
v -0.158544 -0.095000 0.142387
v -0.179203 -0.045000 0.145819
v -0.179203 -0.095000 0.145819
v -0.202000 -0.045000 0.147000
v -0.202000 -0.095000 0.147000
v 0.328119 -0.045000 0.120845
v 0.328119 -0.095000 0.120845
v 0.317956 -0.045000 0.126137
v 0.317956 -0.095000 0.126137
v 0.307977 -0.045000 0.130883
v 0.307977 -0.095000 0.130883
v 0.298148 -0.045000 0.135093
v 0.298148 -0.095000 0.135093
v 0.288438 -0.045000 0.138775
v 0.288438 -0.095000 0.138775
v 0.278812 -0.045000 0.141937
v 0.278812 -0.095000 0.141938
v 0.269239 -0.045000 0.144590
v 0.269239 -0.095000 0.144590
v 0.259685 -0.045000 0.146741
v 0.259685 -0.095000 0.146741
v 0.250117 -0.045000 0.148398
v 0.250117 -0.095000 0.148399
v 0.240502 -0.045000 0.149572
v 0.240502 -0.095000 0.149572
v 0.230808 -0.045000 0.150269
v 0.230808 -0.095000 0.150269
v 0.221000 -0.045000 0.150500
v 0.221000 -0.095000 0.150500
v 0.201939 -0.045000 0.149365
v 0.201939 -0.095000 0.149365
v 0.183843 -0.045000 0.146042
v 0.183843 -0.095000 0.146042
v 0.166844 -0.045000 0.140656
v 0.166844 -0.095000 0.140656
v 0.151074 -0.045000 0.133333
v 0.151074 -0.095000 0.133333
v 0.136666 -0.045000 0.124198
v 0.136666 -0.095000 0.124198
v 0.123750 -0.045000 0.113375
v 0.123750 -0.095000 0.113375
v 0.112460 -0.045000 0.100990
v 0.112460 -0.095000 0.100990
v 0.102926 -0.045000 0.087167
v 0.102926 -0.095000 0.087167
v 0.095281 -0.045000 0.072031
v 0.095281 -0.095000 0.072031
v 0.089657 -0.045000 0.055708
v 0.089657 -0.095000 0.055708
v 0.086186 -0.045000 0.038323
v 0.086186 -0.095000 0.038323
v 0.085000 -0.045000 0.020000
v 0.085000 -0.095000 0.020000
v 0.086149 -0.045000 0.001382
v 0.086149 -0.095000 0.001382
v 0.089528 -0.045000 -0.016155
v 0.089528 -0.095000 -0.016155
v 0.095031 -0.045000 -0.032508
v 0.095031 -0.095000 -0.032508
v 0.102556 -0.045000 -0.047574
v 0.102556 -0.095000 -0.047574
v 0.111997 -0.045000 -0.061252
v 0.111997 -0.095000 -0.061251
v 0.123250 -0.045000 -0.073438
v 0.123250 -0.095000 -0.073437
v 0.136212 -0.045000 -0.084030
v 0.136212 -0.095000 -0.084030
v 0.150778 -0.045000 -0.092926
v 0.150778 -0.095000 -0.092926
v 0.166844 -0.045000 -0.100024
v 0.166844 -0.095000 -0.100023
v 0.184306 -0.045000 -0.105220
v 0.184306 -0.095000 -0.105220
v 0.203059 -0.045000 -0.108413
v 0.203059 -0.095000 -0.108413
v 0.223000 -0.045000 -0.109500
v 0.223000 -0.095000 -0.109500
v 0.232694 -0.045000 -0.109220
v 0.232694 -0.095000 -0.109220
v 0.242509 -0.045000 -0.108384
v 0.242509 -0.095000 -0.108384
v 0.252422 -0.045000 -0.107000
v 0.252422 -0.095000 -0.107000
v 0.262407 -0.045000 -0.105074
v 0.262407 -0.095000 -0.105074
v 0.272442 -0.045000 -0.102614
v 0.272442 -0.095000 -0.102613
v 0.282500 -0.045000 -0.099625
v 0.282500 -0.095000 -0.099625
v 0.292558 -0.045000 -0.096116
v 0.292558 -0.095000 -0.096116
v 0.302593 -0.045000 -0.092093
v 0.302593 -0.095000 -0.092093
v 0.312578 -0.045000 -0.087563
v 0.312578 -0.095000 -0.087562
v 0.322491 -0.045000 -0.082532
v 0.322491 -0.095000 -0.082532
v 0.332306 -0.045000 -0.077009
v 0.332306 -0.095000 -0.077009
v 0.333554 -0.045000 -0.128767
v 0.333554 -0.095000 -0.128766
v 0.324935 -0.045000 -0.132799
v 0.324935 -0.095000 -0.132799
v 0.316094 -0.045000 -0.136570
v 0.316094 -0.095000 -0.136570
v 0.306982 -0.045000 -0.140056
v 0.306982 -0.095000 -0.140056
v 0.297550 -0.045000 -0.143228
v 0.297550 -0.095000 -0.143228
v 0.287750 -0.045000 -0.146063
v 0.287750 -0.095000 -0.146062
v 0.277534 -0.045000 -0.148532
v 0.277534 -0.095000 -0.148532
v 0.266852 -0.045000 -0.150611
v 0.266852 -0.095000 -0.150611
v 0.255656 -0.045000 -0.152274
v 0.255656 -0.095000 -0.152273
v 0.243898 -0.045000 -0.153493
v 0.243898 -0.095000 -0.153493
v 0.231529 -0.045000 -0.154244
v 0.231529 -0.095000 -0.154244
v 0.218500 -0.045000 -0.154500
v 0.218500 -0.095000 -0.154500
v 0.187991 -0.045000 -0.152521
v 0.187991 -0.095000 -0.152521
v 0.160426 -0.045000 -0.146873
v 0.160426 -0.095000 -0.146873
v 0.135750 -0.045000 -0.137992
v 0.135750 -0.095000 -0.137992
v 0.113907 -0.045000 -0.126315
v 0.113907 -0.095000 -0.126315
v 0.094843 -0.045000 -0.112276
v 0.094843 -0.095000 -0.112276
v 0.078500 -0.045000 -0.096313
v 0.078500 -0.095000 -0.096312
v 0.064824 -0.045000 -0.078859
v 0.064824 -0.095000 -0.078859
v 0.053759 -0.045000 -0.060352
v 0.053759 -0.095000 -0.060352
v 0.045250 -0.045000 -0.041227
v 0.045250 -0.095000 -0.041227
v 0.039241 -0.045000 -0.021919
v 0.039241 -0.095000 -0.021919
v 0.035676 -0.045000 -0.002865
v 0.035676 -0.095000 -0.002865
v 0.034500 -0.045000 0.015500
v 0.034500 -0.095000 0.015500
v 0.036107 -0.045000 0.040889
v 0.036107 -0.095000 0.040889
v 0.040817 -0.045000 0.064944
v 0.040817 -0.095000 0.064944
v 0.048461 -0.045000 0.087500
v 0.048461 -0.095000 0.087500
v 0.058870 -0.045000 0.108389
v 0.058870 -0.095000 0.108389
v 0.071877 -0.045000 0.127444
v 0.071877 -0.095000 0.127445
v 0.087313 -0.045000 0.144500
v 0.087313 -0.095000 0.144500
v 0.105008 -0.045000 0.159389
v 0.105008 -0.095000 0.159389
v 0.124796 -0.045000 0.171944
v 0.124796 -0.095000 0.171945
v 0.146508 -0.045000 0.182000
v 0.146508 -0.095000 0.182000
v 0.169975 -0.045000 0.189389
v 0.169975 -0.095000 0.189389
v 0.195028 -0.045000 0.193944
v 0.195028 -0.095000 0.193945
v 0.221500 -0.045000 0.195500
v 0.221500 -0.095000 0.195500
v 0.230267 -0.045000 0.195321
v 0.230267 -0.095000 0.195322
v 0.239090 -0.045000 0.194780
v 0.239090 -0.095000 0.194780
v 0.248008 -0.045000 0.193867
v 0.248008 -0.095000 0.193867
v 0.257056 -0.045000 0.192574
v 0.257056 -0.095000 0.192574
v 0.266270 -0.045000 0.190892
v 0.266270 -0.095000 0.190892
v 0.275688 -0.045000 0.188812
v 0.275688 -0.095000 0.188813
v 0.285345 -0.045000 0.186327
v 0.285345 -0.095000 0.186327
v 0.295278 -0.045000 0.183426
v 0.295278 -0.095000 0.183426
v 0.305523 -0.045000 0.180102
v 0.305523 -0.095000 0.180102
v 0.316118 -0.045000 0.176345
v 0.316118 -0.095000 0.176345
v 0.327098 -0.045000 0.172147
v 0.327098 -0.095000 0.172147
v -0.321500 -0.045000 -0.150000
v -0.326500 -0.045000 -0.145000
v -0.326500 -0.095000 -0.145000
v -0.321500 -0.095000 -0.150000
v -0.326500 -0.045000 0.186000
v -0.321500 -0.045000 0.191000
v -0.321500 -0.095000 0.191000
v -0.326500 -0.095000 0.186000
v -0.272500 -0.045000 0.147000
v -0.277500 -0.045000 0.142000
v -0.277500 -0.095000 0.142000
v -0.272500 -0.095000 0.147000
v -0.277500 -0.045000 -0.101000
v -0.272500 -0.045000 -0.106000
v -0.272500 -0.095000 -0.106000
v -0.277500 -0.095000 -0.101000
v 0.337750 -0.045000 -0.073634
v 0.342000 -0.045000 -0.076000
v 0.342000 -0.095000 -0.076000
v 0.337750 -0.095000 -0.073634
v 0.342000 -0.045000 -0.119500
v 0.337537 -0.045000 -0.126755
v 0.341402 -0.045000 -0.122302
v 0.339769 -0.045000 -0.124957
v 0.337537 -0.095000 -0.126754
v 0.342000 -0.095000 -0.119500
v 0.339769 -0.095000 -0.124957
v 0.341402 -0.095000 -0.122302
v 0.333870 -0.045000 0.169387
v 0.338500 -0.045000 0.162500
v 0.336185 -0.045000 0.167774
v 0.337880 -0.045000 0.165253
v 0.338500 -0.095000 0.162500
v 0.333870 -0.095000 0.169387
v 0.337880 -0.095000 0.165253
v 0.336185 -0.095000 0.167774
v 0.338500 -0.045000 0.120000
v 0.334143 -0.045000 0.117453
v 0.334143 -0.095000 0.117453
v 0.338500 -0.095000 0.120000
v -0.323140 -0.045000 -0.149561
v -0.324629 -0.045000 -0.148701
v -0.323654 -0.045000 -0.149361
v -0.324200 -0.045000 -0.149046
v -0.325201 -0.045000 -0.148129
v -0.326061 -0.045000 -0.146640
v -0.325546 -0.045000 -0.147700
v -0.325861 -0.045000 -0.147154
v -0.326061 -0.095000 -0.146640
v -0.325201 -0.095000 -0.148129
v -0.325861 -0.095000 -0.147154
v -0.325546 -0.095000 -0.147699
v -0.324629 -0.095000 -0.148701
v -0.323140 -0.095000 -0.149560
v -0.324200 -0.095000 -0.149046
v -0.323654 -0.095000 -0.149361
v -0.326061 -0.045000 0.187640
v -0.325201 -0.045000 0.189129
v -0.325861 -0.045000 0.188154
v -0.325546 -0.045000 0.188699
v -0.324629 -0.045000 0.189701
v -0.323140 -0.045000 0.190560
v -0.324200 -0.045000 0.190046
v -0.323654 -0.045000 0.190361
v -0.323140 -0.095000 0.190561
v -0.324629 -0.095000 0.189701
v -0.323654 -0.095000 0.190361
v -0.324200 -0.095000 0.190046
v -0.325201 -0.095000 0.189130
v -0.326061 -0.095000 0.187640
v -0.325546 -0.095000 0.188700
v -0.325861 -0.095000 0.188155
v -0.274140 -0.045000 0.146560
v -0.275629 -0.045000 0.145701
v -0.274654 -0.045000 0.146361
v -0.275200 -0.045000 0.146046
v -0.276201 -0.045000 0.145129
v -0.277061 -0.045000 0.143640
v -0.276546 -0.045000 0.144699
v -0.276861 -0.045000 0.144154
v -0.277061 -0.095000 0.143640
v -0.276201 -0.095000 0.145129
v -0.276861 -0.095000 0.144155
v -0.276546 -0.095000 0.144700
v -0.275629 -0.095000 0.145701
v -0.274140 -0.095000 0.146561
v -0.275200 -0.095000 0.146046
v -0.274654 -0.095000 0.146361
v -0.277061 -0.045000 -0.102640
v -0.276201 -0.045000 -0.104129
v -0.276861 -0.045000 -0.103155
v -0.276546 -0.045000 -0.103700
v -0.275629 -0.045000 -0.104701
v -0.274140 -0.045000 -0.105561
v -0.275200 -0.045000 -0.105046
v -0.274654 -0.045000 -0.105361
v -0.274140 -0.095000 -0.105560
v -0.275629 -0.095000 -0.104701
v -0.274654 -0.095000 -0.105361
v -0.275200 -0.095000 -0.105046
v -0.276201 -0.095000 -0.104129
v -0.277061 -0.095000 -0.102640
v -0.276546 -0.095000 -0.103699
v -0.276861 -0.095000 -0.103154
v 0.339024 -0.045000 -0.073247
v 0.340653 -0.045000 -0.073420
v 0.339554 -0.045000 -0.073175
v 0.340150 -0.045000 -0.073238
v 0.340653 -0.045000 -0.073420
v 0.341659 -0.045000 -0.074713
v 0.341072 -0.045000 -0.073752
v 0.341441 -0.045000 -0.074225
v 0.341659 -0.095000 -0.074713
v 0.340653 -0.095000 -0.073420
v 0.341441 -0.095000 -0.074225
v 0.341072 -0.095000 -0.073752
v 0.340653 -0.095000 -0.073420
v 0.339024 -0.095000 -0.073246
v 0.340150 -0.095000 -0.073238
v 0.339554 -0.095000 -0.073175
v 0.338147 -0.045000 0.118688
v 0.337148 -0.045000 0.117379
v 0.337929 -0.045000 0.118198
v 0.337563 -0.045000 0.117719
v 0.337090 -0.045000 0.117346
v 0.335459 -0.045000 0.117117
v 0.336590 -0.045000 0.117151
v 0.335993 -0.045000 0.117067
v 0.335459 -0.095000 0.117117
v 0.337090 -0.095000 0.117346
v 0.335993 -0.095000 0.117067
v 0.336590 -0.095000 0.117151
v 0.337148 -0.095000 0.117380
v 0.338147 -0.095000 0.118688
v 0.337563 -0.095000 0.117719
v 0.337929 -0.095000 0.118198
vn -0.0000 -1.0000 -0.0000
vn -0.0000 1.0000 -0.0000
vn 0.0302 -0.0000 0.9995
vn 0.1249 -0.0000 0.9922
vn 0.2562 -0.0000 0.9666
vn 0.3895 -0.0000 0.9210
vn 0.5182 -0.0000 0.8552
vn 0.6363 -0.0000 0.7715
vn 0.7389 -0.0000 0.6739
vn 0.8236 -0.0000 0.5671
vn 0.8902 -0.0000 0.4556
vn 0.9397 -0.0000 0.3421
vn 0.9736 -0.0000 0.2283
vn 0.9934 -0.0000 0.1145
vn 1.0000 -0.0000 -0.0037
vn 0.9916 -0.0000 -0.1291
vn 0.9668 -0.0000 -0.2555
vn 0.9261 -0.0000 -0.3773
vn 0.8699 -0.0000 -0.4933
vn 0.7985 -0.0000 -0.6021
vn 0.7124 -0.0000 -0.7018
vn 0.6126 -0.0000 -0.7904
vn 0.5010 -0.0000 -0.8654
vn 0.3802 -0.0000 -0.9249
vn 0.2537 -0.0000 -0.9673
vn 0.1257 -0.0000 -0.9921
vn 0.0309 -0.0000 -0.9995
vn -0.0324 -0.0000 0.9995
vn -0.1357 -0.0000 0.9908
vn -0.2813 -0.0000 0.9596
vn -0.4297 -0.0000 0.9030
vn -0.5699 -0.0000 0.8217
vn -0.6923 -0.0000 0.7216
vn -0.7915 -0.0000 0.6112
vn -0.8666 -0.0000 0.4989
vn -0.9207 -0.0000 0.3903
vn -0.9577 -0.0000 0.2879
vn -0.9816 -0.0000 0.1911
vn -0.9953 -0.0000 0.0970
vn -1.0000 -0.0000 -0.0020
vn -0.9939 -0.0000 -0.1105
vn -0.9740 -0.0000 -0.2267
vn -0.9375 -0.0000 -0.3479
vn -0.8820 -0.0000 -0.4712
vn -0.8062 -0.0000 -0.5917
vn -0.7106 -0.0000 -0.7036
vn -0.5986 -0.0000 -0.8010
vn -0.4759 -0.0000 -0.8795
vn -0.3492 -0.0000 -0.9370
vn -0.2250 -0.0000 -0.9744
vn -0.1080 -0.0000 -0.9942
vn -0.0259 -0.0000 -0.9997
vn -0.4763 -0.0000 -0.8793
vn -0.4457 -0.0000 -0.8952
vn -0.4117 -0.0000 -0.9113
vn -0.3742 -0.0000 -0.9273
vn -0.3334 -0.0000 -0.9428
vn -0.2897 -0.0000 -0.9571
vn -0.2434 -0.0000 -0.9699
vn -0.1952 -0.0000 -0.9808
vn -0.1460 -0.0000 -0.9893
vn -0.0965 -0.0000 -0.9953
vn -0.0477 -0.0000 -0.9989
vn 0.0180 -0.0000 -0.9998
vn 0.1203 -0.0000 -0.9927
vn 0.2418 -0.0000 -0.9703
vn 0.3623 -0.0000 -0.9320
vn 0.4793 -0.0000 -0.8776
vn 0.5902 -0.0000 -0.8073
vn 0.6922 -0.0000 -0.7217
vn 0.7829 -0.0000 -0.6221
vn 0.8599 -0.0000 -0.5105
vn 0.9212 -0.0000 -0.3892
vn 0.9652 -0.0000 -0.2614
vn 0.9915 -0.0000 -0.1305
vn 1.0000 -0.0000 -0.0015
vn 0.9921 -0.0000 0.1257
vn 0.9670 -0.0000 0.2546
vn 0.9234 -0.0000 0.3838
vn 0.8609 -0.0000 0.5087
vn 0.7808 -0.0000 0.6248
vn 0.6854 -0.0000 0.7282
vn 0.5784 -0.0000 0.8158
vn 0.4637 -0.0000 0.8860
vn 0.3454 -0.0000 0.9385
vn 0.2269 -0.0000 0.9739
vn 0.1113 -0.0000 0.9938
vn 0.0128 -0.0000 0.9999
vn -0.0569 -0.0000 0.9984
vn -0.1116 -0.0000 0.9938
vn -0.1639 -0.0000 0.9865
vn -0.2138 -0.0000 0.9769
vn -0.2616 -0.0000 0.9652
vn -0.3072 -0.0000 0.9516
vn -0.3509 -0.0000 0.9364
vn -0.3927 -0.0000 0.9196
vn -0.4329 -0.0000 0.9014
vn -0.4716 -0.0000 0.8818
vn -0.5088 -0.0000 0.8609
vn 0.4374 -0.0000 -0.8993
vn 0.4081 -0.0000 -0.9129
vn 0.3749 -0.0000 -0.9271
vn 0.3381 -0.0000 -0.9411
vn 0.2984 -0.0000 -0.9544
vn 0.2565 -0.0000 -0.9666
vn 0.2131 -0.0000 -0.9770
vn 0.1690 -0.0000 -0.9856
vn 0.1251 -0.0000 -0.9922
vn 0.0819 -0.0000 -0.9966
vn 0.0401 -0.0000 -0.9992
vn -0.0226 -0.0000 -0.9997
vn -0.1330 -0.0000 -0.9911
vn -0.2704 -0.0000 -0.9628
vn -0.4061 -0.0000 -0.9138
vn -0.5336 -0.0000 -0.8457
vn -0.6474 -0.0000 -0.7621
vn -0.7446 -0.0000 -0.6675
vn -0.8243 -0.0000 -0.5661
vn -0.8876 -0.0000 -0.4607
vn -0.9358 -0.0000 -0.3524
vn -0.9705 -0.0000 -0.2409
vn -0.9923 -0.0000 -0.1241
vn -1.0000 -0.0000 -0.0004
vn -0.9918 -0.0000 0.1279
vn -0.9664 -0.0000 0.2571
vn -0.9232 -0.0000 0.3844
vn -0.8625 -0.0000 0.5061
vn -0.7855 -0.0000 0.6188
vn -0.6942 -0.0000 0.7198
vn -0.5911 -0.0000 0.8066
vn -0.4790 -0.0000 0.8778
vn -0.3610 -0.0000 0.9325
vn -0.2401 -0.0000 0.9708
vn -0.1190 -0.0000 0.9929
vn -0.0192 -0.0000 0.9998
vn 0.0408 -0.0000 0.9992
vn 0.0816 -0.0000 0.9967
vn 0.1217 -0.0000 0.9926
vn 0.1606 -0.0000 0.9870
vn 0.1976 -0.0000 0.9803
vn 0.2325 -0.0000 0.9726
vn 0.2648 -0.0000 0.9643
vn 0.2945 -0.0000 0.9557
vn 0.3214 -0.0000 0.9469
vn 0.3457 -0.0000 0.9384
vn 0.3673 -0.0000 0.9301
vn 0.9945 -0.0000 -0.1049
vn 0.9283 -0.0000 -0.3717
vn 0.7504 -0.0000 -0.6610
vn 0.5421 -0.0000 -0.8403
vn 0.4775 -0.0000 0.8786
vn 0.7130 -0.0000 0.7011
vn 0.9184 -0.0000 0.3956
vn 0.9939 -0.0000 0.1106
vn -0.9914 -0.0000 -0.1305
vn -0.9914 -0.0000 0.1305
vn -0.1305 -0.0000 -0.9914
vn -0.1305 -0.0000 0.9914
vn 0.9914 -0.0000 -0.1305
vn 0.9914 -0.0000 0.1305
vn 0.1305 -0.0000 -0.9914
vn 0.1305 -0.0000 0.9914
vn 0.9916 -0.0000 0.1292
vn -0.4126 -0.0000 0.9109
vn 0.9914 -0.0000 -0.1309
vn -0.3723 -0.0000 -0.9281
vn -0.6678 -0.0000 -0.7443
vn -0.5649 -0.0000 -0.8251
vn -0.4321 -0.0000 -0.9018
vn -0.3107 -0.0000 -0.9505
vn -0.9505 -0.0000 -0.3107
vn -0.9018 -0.0000 -0.4321
vn -0.8251 -0.0000 -0.5649
vn -0.7443 -0.0000 -0.6678
vn -0.7443 -0.0000 0.6678
vn -0.8251 -0.0000 0.5649
vn -0.9018 -0.0000 0.4321
vn -0.9505 -0.0000 0.3107
vn -0.3107 -0.0000 0.9505
vn -0.4321 -0.0000 0.9018
vn -0.5649 -0.0000 0.8251
vn -0.6678 -0.0000 0.7443
vn 0.6678 -0.0000 -0.7443
vn 0.5649 -0.0000 -0.8251
vn 0.4321 -0.0000 -0.9018
vn 0.3107 -0.0000 -0.9505
vn 0.9505 -0.0000 -0.3107
vn 0.9018 -0.0000 -0.4321
vn 0.8251 -0.0000 -0.5649
vn 0.7443 -0.0000 -0.6678
vn 0.7443 -0.0000 0.6678
vn 0.8251 -0.0000 0.5649
vn 0.9018 -0.0000 0.4321
vn 0.9505 -0.0000 0.3107
vn 0.3107 -0.0000 0.9505
vn 0.4321 -0.0000 0.9018
vn 0.5649 -0.0000 0.8251
vn 0.6678 -0.0000 0.7443
vn 0.2403 -0.7071 0.6650
vn 0.2245 -0.0000 0.9745
vn -0.0142 -0.0000 0.9999
vn -0.2134 -0.0000 0.9770
vn 0.9428 -0.0000 0.3333
vn 0.8573 -0.0000 0.5148
vn 0.7100 -0.0000 0.7042
vn 0.4387 -0.7071 0.5546
vn 0.5709 -0.0000 -0.8210
vn 0.7189 -0.0000 -0.6951
vn 0.8598 -0.0000 -0.5105
vn 0.9424 -0.0000 -0.3344
vn -0.1710 -0.0000 -0.9853
vn 0.0230 -0.0000 -0.9997
vn 0.2530 -0.0000 -0.9675
vn 0.4356 -0.0000 -0.9001
vt 0.855670 0.000000
vt 0.876289 0.000000
vt 0.865979 0.000000
vt 0.886598 0.000000
vt 0.896907 0.000000
vt 0.845361 0.000000
vt 0.907216 0.000000
vt 0.917526 0.000000
vt 0.927835 0.000000
vt 0.835052 0.000000
vt 0.938144 0.000000
vt 0.948454 0.000000
vt 0.958763 0.000000
vt 0.824742 0.000000
vt 0.969072 0.000000
vt 0.979381 0.000000
vt 0.989691 0.000000
vt 0.814433 0.000000
vt 0.092784 0.000000
vt 0.082474 0.000000
vt 0.072165 0.000000
vt 0.061856 0.000000
vt 0.051546 0.000000
vt 0.041237 0.000000
vt 0.030928 0.000000
vt 0.020619 0.000000
vt 0.010309 0.000000
vt 0.000000 0.000000
vt 1.000000 0.000000
vt 0.804124 0.000000
vt 0.113402 0.000000
vt 0.103093 0.000000
vt 0.123711 0.000000
vt 0.134021 0.000000
vt 0.144330 0.000000
vt 0.793814 0.000000
vt 0.154639 0.000000
vt 0.164948 0.000000
vt 0.783505 0.000000
vt 0.175258 0.000000
vt 0.185567 0.000000
vt 0.773196 0.000000
vt 0.195876 0.000000
vt 0.762887 0.000000
vt 0.206186 0.000000
vt 0.216495 0.000000
vt 0.752577 0.000000
vt 0.226804 0.000000
vt 0.742268 0.000000
vt 0.237113 0.000000
vt 0.247423 0.000000
vt 0.731959 0.000000
vt 0.257732 0.000000
vt 0.721649 0.000000
vt 0.268041 0.000000
vt 0.711340 0.000000
vt 0.278351 0.000000
vt 0.701031 0.000000
vt 0.288660 0.000000
vt 0.690722 0.000000
vt 0.298969 0.000000
vt 0.474227 0.000000
vt 0.494845 0.000000
vt 0.484536 0.000000
vt 0.309278 0.000000
vt 0.463918 0.000000
vt 0.680412 0.000000
vt 0.453608 0.000000
vt 0.319588 0.000000
vt 0.443299 0.000000
vt 0.432990 0.000000
vt 0.329897 0.000000
vt 0.422680 0.000000
vt 0.670103 0.000000
vt 0.412371 0.000000
vt 0.340206 0.000000
vt 0.402062 0.000000
vt 0.391753 0.000000
vt 0.350515 0.000000
vt 0.381443 0.000000
vt 0.371134 0.000000
vt 0.360825 0.000000
vt 0.659794 0.000000
vt 0.505155 0.000000
vt 0.649485 0.000000
vt 0.515464 0.000000
vt 0.525773 0.000000
vt 0.536082 0.000000
vt 0.639175 0.000000
vt 0.546392 0.000000
vt 0.556701 0.000000
vt 0.567010 0.000000
vt 0.628866 0.000000
vt 0.577320 0.000000
vt 0.587629 0.000000
vt 0.597938 0.000000
vt 0.618557 0.000000
vt 0.608247 0.000000
vt 0.471698 0.000000
vt 0.981132 0.000000
vt 0.490566 0.000000
vt 0.018868 0.000000
vt 0.037736 0.000000
vt 0.056604 0.000000
vt 0.075472 0.000000
vt 0.094340 0.000000
vt 0.962264 0.000000
vt 0.943396 0.000000
vt 0.113208 0.000000
vt 0.924528 0.000000
vt 0.905660 0.000000
vt 0.886792 0.000000
vt 0.132075 0.000000
vt 0.867925 0.000000
vt 0.849057 0.000000
vt 0.150943 0.000000
vt 0.830189 0.000000
vt 0.169811 0.000000
vt 0.811321 0.000000
vt 0.792453 0.000000
vt 0.188679 0.000000
vt 0.773585 0.000000
vt 0.207547 0.000000
vt 0.754717 0.000000
vt 0.226415 0.000000
vt 0.735849 0.000000
vt 0.716981 0.000000
vt 0.245283 0.000000
vt 0.698113 0.000000
vt 0.264151 0.000000
vt 0.679245 0.000000
vt 0.660377 0.000000
vt 0.283019 0.000000
vt 0.641509 0.000000
vt 0.301887 0.000000
vt 0.622642 0.000000
vt 0.603774 0.000000
vt 0.320755 0.000000
vt 0.584906 0.000000
vt 0.339623 0.000000
vt 0.566038 0.000000
vt 0.547170 0.000000
vt 0.358491 0.000000
vt 0.528302 0.000000
vt 0.509434 0.000000
vt 0.377358 0.000000
vt 0.396226 0.000000
vt 0.415094 0.000000
vt 0.433962 0.000000
vt 0.452830 0.000000
vt 0.000000 1.000000
vt 0.037037 1.000000
vt 0.037037 0.000000
vt 0.074074 1.000000
vt 0.074074 0.000000
vt 0.111111 1.000000
vt 0.111111 0.000000
vt 0.148148 1.000000
vt 0.148148 0.000000
vt 0.185185 1.000000
vt 0.185185 0.000000
vt 0.222222 1.000000
vt 0.222222 0.000000
vt 0.259259 1.000000
vt 0.259259 0.000000
vt 0.296296 1.000000
vt 0.296296 0.000000
vt 0.333333 1.000000
vt 0.333333 0.000000
vt 0.370370 1.000000
vt 0.370370 0.000000
vt 0.407407 1.000000
vt 0.407407 0.000000
vt 0.444444 1.000000
vt 0.444444 0.000000
vt 0.481481 1.000000
vt 0.481481 0.000000
vt 0.518519 1.000000
vt 0.518519 0.000000
vt 0.555556 1.000000
vt 0.555556 0.000000
vt 0.592593 1.000000
vt 0.592593 0.000000
vt 0.629630 1.000000
vt 0.629630 0.000000
vt 0.666667 1.000000
vt 0.666667 0.000000
vt 0.703704 1.000000
vt 0.703704 0.000000
vt 0.740741 1.000000
vt 0.740741 0.000000
vt 0.777778 1.000000
vt 0.777778 0.000000
vt 0.814815 1.000000
vt 0.814815 0.000000
vt 0.851852 1.000000
vt 0.851852 0.000000
vt 0.888889 1.000000
vt 0.888889 0.000000
vt 0.010204 1.000000
vt 0.010204 0.000000
vt 0.020408 1.000000
vt 0.020408 0.000000
vt 0.030612 1.000000
vt 0.030612 0.000000
vt 0.040816 1.000000
vt 0.040816 0.000000
vt 0.051020 1.000000
vt 0.051020 0.000000
vt 0.061224 1.000000
vt 0.061224 0.000000
vt 0.071429 1.000000
vt 0.071429 0.000000
vt 0.081633 1.000000
vt 0.081633 0.000000
vt 0.091837 1.000000
vt 0.091837 0.000000
vt 0.102041 1.000000
vt 0.102041 0.000000
vt 0.112245 1.000000
vt 0.112245 0.000000
vt 0.122449 1.000000
vt 0.122449 0.000000
vt 0.132653 1.000000
vt 0.132653 0.000000
vt 0.142857 1.000000
vt 0.142857 0.000000
vt 0.153061 1.000000
vt 0.153061 0.000000
vt 0.163265 1.000000
vt 0.163265 0.000000
vt 0.173469 1.000000
vt 0.173469 0.000000
vt 0.183673 1.000000
vt 0.183673 0.000000
vt 0.193878 1.000000
vt 0.193878 0.000000
vt 0.204082 1.000000
vt 0.204082 0.000000
vt 0.214286 1.000000
vt 0.214286 0.000000
vt 0.224490 1.000000
vt 0.224490 0.000000
vt 0.234694 1.000000
vt 0.234694 0.000000
vt 0.244898 1.000000
vt 0.244898 0.000000
vt 0.255102 1.000000
vt 0.255102 0.000000
vt 0.265306 1.000000
vt 0.265306 0.000000
vt 0.275510 1.000000
vt 0.275510 0.000000
vt 0.285714 1.000000
vt 0.285714 0.000000
vt 0.295918 1.000000
vt 0.295918 0.000000
vt 0.306122 1.000000
vt 0.306122 0.000000
vt 0.316327 1.000000
vt 0.316327 0.000000
vt 0.326531 1.000000
vt 0.326531 0.000000
vt 0.336735 1.000000
vt 0.336735 0.000000
vt 0.346939 1.000000
vt 0.346939 0.000000
vt 0.357143 1.000000
vt 0.357143 0.000000
vt 0.367347 1.000000
vt 0.367347 0.000000
vt 0.377551 1.000000
vt 0.377551 0.000000
vt 0.387755 1.000000
vt 0.387755 0.000000
vt 0.397959 1.000000
vt 0.397959 0.000000
vt 0.408163 1.000000
vt 0.408163 0.000000
vt 0.418367 1.000000
vt 0.418367 0.000000
vt 0.428571 1.000000
vt 0.428571 0.000000
vt 0.438776 1.000000
vt 0.438776 0.000000
vt 0.448980 1.000000
vt 0.448980 0.000000
vt 0.459184 1.000000
vt 0.459184 0.000000
vt 0.469388 1.000000
vt 0.469388 0.000000
vt 0.500000 1.000000
vt 0.510204 1.000000
vt 0.510204 0.000000
vt 0.500000 0.000000
vt 0.520408 1.000000
vt 0.520408 0.000000
vt 0.530612 1.000000
vt 0.530612 0.000000
vt 0.540816 1.000000
vt 0.540816 0.000000
vt 0.551020 1.000000
vt 0.551020 0.000000
vt 0.561224 1.000000
vt 0.561224 0.000000
vt 0.571429 1.000000
vt 0.571429 0.000000
vt 0.581633 1.000000
vt 0.581633 0.000000
vt 0.591837 1.000000
vt 0.591837 0.000000
vt 0.602041 1.000000
vt 0.602041 0.000000
vt 0.612245 1.000000
vt 0.612245 0.000000
vt 0.622449 1.000000
vt 0.622449 0.000000
vt 0.632653 1.000000
vt 0.632653 0.000000
vt 0.642857 1.000000
vt 0.642857 0.000000
vt 0.653061 1.000000
vt 0.653061 0.000000
vt 0.663265 1.000000
vt 0.663265 0.000000
vt 0.673469 1.000000
vt 0.673469 0.000000
vt 0.683673 1.000000
vt 0.683673 0.000000
vt 0.693878 1.000000
vt 0.693878 0.000000
vt 0.704082 1.000000
vt 0.704082 0.000000
vt 0.714286 1.000000
vt 0.714286 0.000000
vt 0.724490 1.000000
vt 0.724490 0.000000
vt 0.734694 1.000000
vt 0.734694 0.000000
vt 0.744898 1.000000
vt 0.744898 0.000000
vt 0.755102 1.000000
vt 0.755102 0.000000
vt 0.765306 1.000000
vt 0.765306 0.000000
vt 0.775510 1.000000
vt 0.775510 0.000000
vt 0.785714 1.000000
vt 0.785714 0.000000
vt 0.795918 1.000000
vt 0.795918 0.000000
vt 0.806122 1.000000
vt 0.806122 0.000000
vt 0.816327 1.000000
vt 0.816327 0.000000
vt 0.826531 1.000000
vt 0.826531 0.000000
vt 0.836735 1.000000
vt 0.836735 0.000000
vt 0.846939 1.000000
vt 0.846939 0.000000
vt 0.857143 1.000000
vt 0.857143 0.000000
vt 0.867347 1.000000
vt 0.867347 0.000000
vt 0.877551 1.000000
vt 0.877551 0.000000
vt 0.887755 1.000000
vt 0.887755 0.000000
vt 0.897959 1.000000
vt 0.897959 0.000000
vt 0.908163 1.000000
vt 0.908163 0.000000
vt 0.918367 1.000000
vt 0.918367 0.000000
vt 0.928571 1.000000
vt 0.928571 0.000000
vt 0.938776 1.000000
vt 0.938776 0.000000
vt 0.948980 1.000000
vt 0.948980 0.000000
vt 0.959184 1.000000
vt 0.959184 0.000000
vt 0.969388 1.000000
vt 0.969388 0.000000
vt 0.488842 0.000000
vt 0.488842 1.000000
vt 0.489377 1.000000
vt 0.489377 0.000000
vt 0.492166 1.000000
vt 0.492166 0.000000
vt 0.495188 1.000000
vt 0.495188 0.000000
vt 0.975448 0.000000
vt 0.975448 1.000000
vt 0.977730 1.000000
vt 0.977729 0.000000
vt 0.980029 1.000000
vt 0.980029 0.000000
vt 0.980564 1.000000
vt 0.980564 0.000000
vt 0.926469 1.000000
vt 0.962420 1.000000
vt 0.962420 0.000000
vt 0.926469 0.000000
vt 0.924534 1.000000
vt 0.924534 0.000000
vt 0.964361 1.000000
vt 1.000000 1.000000
vt 0.964361 0.000000
vt 0.926658 1.000000
vt 0.962231 1.000000
vt 0.962231 0.000000
vt 0.926658 0.000000
vt 0.923473 1.000000
vt 0.923473 0.000000
vt 0.965337 1.000000
vt 0.965337 0.000000
vt 0.480546 1.000000
vt 0.480546 0.000000
vt 0.475118 1.000000
vt 0.475118 0.000000
vt 0.988824 1.000000
vt 0.988824 0.000000
vt 0.994079 1.000000
vt 0.994079 0.000000
vt 0.925563 1.000000
vt 0.925563 0.000000
vt 0.925358 0.000000
vt 0.925358 1.000000
vt 0.925138 0.000000
vt 0.925138 1.000000
vt 0.924990 0.000000
vt 0.924990 1.000000
vt 0.926291 1.000000
vt 0.926291 0.000000
vt 0.926233 0.000000
vt 0.926233 1.000000
vt 0.926070 0.000000
vt 0.926070 1.000000
vt 0.925865 0.000000
vt 0.925865 1.000000
vt 0.963025 1.000000
vt 0.963025 0.000000
vt 0.962820 0.000000
vt 0.962820 1.000000
vt 0.962656 0.000000
vt 0.962656 1.000000
vt 0.962598 0.000000
vt 0.962598 1.000000
vt 0.963902 1.000000
vt 0.963902 0.000000
vt 0.963754 0.000000
vt 0.963754 1.000000
vt 0.963534 0.000000
vt 0.963534 1.000000
vt 0.963328 0.000000
vt 0.963328 1.000000
vt 0.925247 1.000000
vt 0.925247 0.000000
vt 0.924910 0.000000
vt 0.924910 1.000000
vt 0.924538 0.000000
vt 0.924538 1.000000
vt 0.924278 0.000000
vt 0.924278 1.000000
vt 0.926418 1.000000
vt 0.926418 0.000000
vt 0.926340 0.000000
vt 0.926340 1.000000
vt 0.926082 0.000000
vt 0.926082 1.000000
vt 0.925744 0.000000
vt 0.925744 1.000000
vt 0.963131 1.000000
vt 0.963131 0.000000
vt 0.962802 0.000000
vt 0.962802 1.000000
vt 0.962549 0.000000
vt 0.962549 1.000000
vt 0.962471 0.000000
vt 0.962471 1.000000
vt 0.964558 1.000000
vt 0.964558 0.000000
vt 0.964307 0.000000
vt 0.964307 1.000000
vt 0.963945 0.000000
vt 0.963945 1.000000
vt 0.963616 0.000000
vt 0.963616 1.000000
vt 0.478588 1.000000
vt 0.478588 0.000000
vt 0.477670 0.000000
vt 0.477670 1.000000
vt 0.476726 0.000000
vt 0.476726 1.000000
vt 0.476270 0.000000
vt 0.476270 1.000000
vt 0.480300 1.000000
vt 0.480300 0.000000
vt 0.480203 0.000000
vt 0.480203 1.000000
vt 0.479506 0.000000
vt 0.479506 1.000000
vt 0.990679 1.000000
vt 0.990679 0.000000
vt 0.989826 0.000000
vt 0.989826 1.000000
vt 0.989179 0.000000
vt 0.989178 1.000000
vt 0.989079 0.000000
vt 0.989079 1.000000
vt 0.992955 1.000000
vt 0.992955 0.000000
vt 0.992517 0.000000
vt 0.992517 1.000000
vt 0.991639 0.000000
vt 0.991639 1.000000
vt 0.990786 0.000000
vt 0.990786 1.000000
s 0
usemtl TextMaterial.004
f 1508/1993/439 1510/1994/439 1509/1995/439
f 1508/1993/439 1511/1996/439 1510/1994/439
f 1508/1993/439 1512/1997/439 1511/1996/439
f 1507/1998/439 1512/1997/439 1508/1993/439
f 1507/1998/439 1513/1999/439 1512/1997/439
f 1507/1998/439 1514/2000/439 1513/1999/439
f 1507/1998/439 1515/2001/439 1514/2000/439
f 1506/2002/439 1515/2001/439 1507/1998/439
f 1506/2002/439 1516/2003/439 1515/2001/439
f 1506/2002/439 1517/2004/439 1516/2003/439
f 1506/2002/439 1518/2005/439 1517/2004/439
f 1505/2006/439 1518/2005/439 1506/2002/439
f 1505/2006/439 1519/2007/439 1518/2005/439
f 1505/2006/439 1520/2008/439 1519/2007/439
f 1505/2006/439 1521/2009/439 1520/2008/439
f 1504/2010/439 1521/2009/439 1505/2006/439
f 1504/2010/439 1434/2011/439 1521/2009/439
f 1434/2011/439 1433/2012/439 1521/2009/439
f 1433/2012/439 1432/2013/439 1521/2009/439
f 1432/2013/439 1431/2014/439 1521/2009/439
f 1431/2014/439 1430/2015/439 1521/2009/439
f 1430/2015/439 1429/2016/439 1521/2009/439
f 1429/2016/439 1428/2017/439 1521/2009/439
f 1428/2017/439 1427/2018/439 1521/2009/439
f 1427/2018/439 1426/2019/439 1521/2009/439
f 1426/2019/439 1425/2020/439 1521/2009/439
f 1425/2020/439 1522/2021/439 1521/2009/439
f 1503/2022/439 1436/2023/439 1504/2010/439
f 1436/2023/439 1435/2024/439 1504/2010/439
f 1435/2024/439 1434/2011/439 1504/2010/439
f 1503/2022/439 1437/2025/439 1436/2023/439
f 1503/2022/439 1438/2026/439 1437/2025/439
f 1503/2022/439 1439/2027/439 1438/2026/439
f 1502/2028/439 1439/2027/439 1503/2022/439
f 1502/2028/439 1440/2029/439 1439/2027/439
f 1502/2028/439 1441/2030/439 1440/2029/439
f 1501/2031/439 1441/2030/439 1502/2028/439
f 1501/2031/439 1442/2032/439 1441/2030/439
f 1501/2031/439 1443/2033/439 1442/2032/439
f 1500/2034/439 1443/2033/439 1501/2031/439
f 1500/2034/439 1444/2035/439 1443/2033/439
f 1499/2036/439 1444/2035/439 1500/2034/439
f 1499/2036/439 1445/2037/439 1444/2035/439
f 1499/2036/439 1446/2038/439 1445/2037/439
f 1498/2039/439 1446/2038/439 1499/2036/439
f 1498/2039/439 1447/2040/439 1446/2038/439
f 1497/2041/439 1447/2040/439 1498/2039/439
f 1497/2041/439 1448/2042/439 1447/2040/439
f 1497/2041/439 1449/2043/439 1448/2042/439
f 1496/2044/439 1449/2043/439 1497/2041/439
f 1496/2044/439 1450/2045/439 1449/2043/439
f 1495/2046/439 1450/2045/439 1496/2044/439
f 1495/2046/439 1451/2047/439 1450/2045/439
f 1494/2048/439 1451/2047/439 1495/2046/439
f 1494/2048/439 1452/2049/439 1451/2047/439
f 1493/2050/439 1452/2049/439 1494/2048/439
f 1493/2050/439 1453/2051/439 1452/2049/439
f 1492/2052/439 1453/2051/439 1493/2050/439
f 1492/2052/439 1454/2053/439 1453/2051/439
f 1471/2054/439 1473/2055/439 1472/2056/439
f 1492/2052/439 1455/2057/439 1454/2053/439
f 1470/2058/439 1473/2055/439 1471/2054/439
f 1491/2059/439 1455/2057/439 1492/2052/439
f 1469/2060/439 1473/2055/439 1470/2058/439
f 1491/2059/439 1456/2061/439 1455/2057/439
f 1468/2062/439 1473/2055/439 1469/2060/439
f 1467/2063/439 1473/2055/439 1468/2062/439
f 1491/2059/439 1457/2064/439 1456/2061/439
f 1466/2065/439 1473/2055/439 1467/2063/439
f 1490/2066/439 1457/2064/439 1491/2059/439
f 1465/2067/439 1473/2055/439 1466/2065/439
f 1490/2066/439 1458/2068/439 1457/2064/439
f 1464/2069/439 1473/2055/439 1465/2067/439
f 1463/2070/439 1473/2055/439 1464/2069/439
f 1490/2066/439 1459/2071/439 1458/2068/439
f 1462/2072/439 1473/2055/439 1463/2070/439
f 1461/2073/439 1473/2055/439 1462/2072/439
f 1490/2066/439 1460/2074/439 1459/2071/439
f 1460/2074/439 1473/2055/439 1461/2073/439
f 1490/2066/439 1473/2055/439 1460/2074/439
f 1489/2075/439 1473/2055/439 1490/2066/439
f 1489/2075/439 1474/2076/439 1473/2055/439
f 1488/2077/439 1474/2076/439 1489/2075/439
f 1488/2077/439 1475/2078/439 1474/2076/439
f 1488/2077/439 1476/2079/439 1475/2078/439
f 1488/2077/439 1477/2080/439 1476/2079/439
f 1487/2081/439 1477/2080/439 1488/2077/439
f 1487/2081/439 1478/2082/439 1477/2080/439
f 1487/2081/439 1479/2083/439 1478/2082/439
f 1487/2081/439 1480/2084/439 1479/2083/439
f 1486/2085/439 1480/2084/439 1487/2081/439
f 1486/2085/439 1481/2086/439 1480/2084/439
f 1486/2085/439 1482/2087/439 1481/2086/439
f 1486/2085/439 1483/2088/439 1482/2087/439
f 1485/2089/439 1483/2088/439 1486/2085/439
f 1485/2089/439 1484/2090/439 1483/2088/439
f 1548/2091/439 1575/2092/439 1549/2093/439
f 1575/2092/439 1523/2020/439 1549/2093/439
f 1575/2092/439 1524/2094/439 1523/2020/439
f 1575/2092/439 1525/2095/439 1524/2094/439
f 1575/2092/439 1526/2096/439 1525/2095/439
f 1575/2092/439 1527/2097/439 1526/2096/439
f 1575/2092/439 1528/2098/439 1527/2097/439
f 1575/2092/439 1574/2099/439 1528/2098/439
f 1574/2099/439 1573/2100/439 1528/2098/439
f 1573/2100/439 1529/2101/439 1528/2098/439
f 1548/2091/439 1576/2021/439 1575/2092/439
f 1572/2102/439 1529/2101/439 1573/2100/439
f 1571/2103/439 1529/2101/439 1572/2102/439
f 1570/2104/439 1529/2101/439 1571/2103/439
f 1570/2104/439 1530/2105/439 1529/2101/439
f 1569/2106/439 1530/2105/439 1570/2104/439
f 1568/2107/439 1530/2105/439 1569/2106/439
f 1568/2107/439 1531/2108/439 1530/2105/439
f 1567/2109/439 1531/2108/439 1568/2107/439
f 1567/2109/439 1532/2110/439 1531/2108/439
f 1566/2111/439 1532/2110/439 1567/2109/439
f 1565/2112/439 1532/2110/439 1566/2111/439
f 1565/2112/439 1533/2113/439 1532/2110/439
f 1564/2114/439 1533/2113/439 1565/2112/439
f 1564/2114/439 1534/2115/439 1533/2113/439
f 1563/2116/439 1534/2115/439 1564/2114/439
f 1563/2116/439 1535/2117/439 1534/2115/439
f 1562/2118/439 1535/2117/439 1563/2116/439
f 1561/2119/439 1535/2117/439 1562/2118/439
f 1561/2119/439 1536/2120/439 1535/2117/439
f 1560/2121/439 1536/2120/439 1561/2119/439
f 1560/2121/439 1537/2122/439 1536/2120/439
f 1559/2123/439 1537/2122/439 1560/2121/439
f 1558/2124/439 1537/2122/439 1559/2123/439
f 1558/2124/439 1538/2125/439 1537/2122/439
f 1557/2126/439 1538/2125/439 1558/2124/439
f 1557/2126/439 1539/2127/439 1538/2125/439
f 1556/2128/439 1539/2127/439 1557/2126/439
f 1555/2129/439 1539/2127/439 1556/2128/439
f 1555/2129/439 1540/2130/439 1539/2127/439
f 1554/2131/439 1540/2130/439 1555/2129/439
f 1554/2131/439 1541/2132/439 1540/2130/439
f 1553/2133/439 1541/2132/439 1554/2131/439
f 1552/2134/439 1541/2132/439 1553/2133/439
f 1552/2134/439 1542/2135/439 1541/2132/439
f 1551/2136/439 1542/2135/439 1552/2134/439
f 1550/2137/439 1542/2135/439 1551/2136/439
f 1548/2091/439 1550/2137/439 1576/2021/439
f 1548/2091/439 1542/2135/439 1550/2137/439
f 1548/2091/439 1543/2138/439 1542/2135/439
f 1548/2091/439 1544/2139/439 1543/2138/439
f 1548/2091/439 1545/2140/439 1544/2139/439
f 1548/2091/439 1546/2141/439 1545/2140/439
f 1548/2091/439 1547/2142/439 1546/2141/439
f 1660/1993/440 1661/1995/440 1662/1994/440
f 1660/1993/440 1662/1994/440 1663/1996/440
f 1660/1993/440 1663/1996/440 1664/1997/440
f 1659/1998/440 1660/1993/440 1664/1997/440
f 1659/1998/440 1664/1997/440 1665/1999/440
f 1659/1998/440 1665/1999/440 1666/2000/440
f 1659/1998/440 1666/2000/440 1667/2001/440
f 1658/2002/440 1659/1998/440 1667/2001/440
f 1658/2002/440 1667/2001/440 1668/2003/440
f 1658/2002/440 1668/2003/440 1669/2004/440
f 1658/2002/440 1669/2004/440 1670/2005/440
f 1657/2006/440 1658/2002/440 1670/2005/440
f 1657/2006/440 1670/2005/440 1671/2007/440
f 1657/2006/440 1671/2007/440 1672/2008/440
f 1657/2006/440 1672/2008/440 1673/2009/440
f 1656/2010/440 1657/2006/440 1673/2009/440
f 1656/2010/440 1673/2009/440 1586/2011/440
f 1586/2011/440 1673/2009/440 1585/2012/440
f 1585/2012/440 1673/2009/440 1584/2013/440
f 1584/2013/440 1673/2009/440 1583/2014/440
f 1583/2014/440 1673/2009/440 1582/2015/440
f 1582/2015/440 1673/2009/440 1581/2016/440
f 1581/2016/440 1673/2009/440 1580/2017/440
f 1580/2017/440 1673/2009/440 1579/2018/440
f 1579/2018/440 1673/2009/440 1578/2019/440
f 1578/2019/440 1673/2009/440 1577/2020/440
f 1577/2020/440 1673/2009/440 1674/2021/440
f 1655/2022/440 1656/2010/440 1588/2023/440
f 1588/2023/440 1656/2010/440 1587/2024/440
f 1587/2024/440 1656/2010/440 1586/2011/440
f 1655/2022/440 1588/2023/440 1589/2025/440
f 1655/2022/440 1589/2025/440 1590/2026/440
f 1655/2022/440 1590/2026/440 1591/2027/440
f 1654/2028/440 1655/2022/440 1591/2027/440
f 1654/2028/440 1591/2027/440 1592/2029/440
f 1654/2028/440 1592/2029/440 1593/2030/440
f 1653/2031/440 1654/2028/440 1593/2030/440
f 1653/2031/440 1593/2030/440 1594/2032/440
f 1653/2031/440 1594/2032/440 1595/2033/440
f 1652/2034/440 1653/2031/440 1595/2033/440
f 1652/2034/440 1595/2033/440 1596/2035/440
f 1651/2036/440 1652/2034/440 1596/2035/440
f 1651/2036/440 1596/2035/440 1597/2037/440
f 1651/2036/440 1597/2037/440 1598/2038/440
f 1650/2039/440 1651/2036/440 1598/2038/440
f 1650/2039/440 1598/2038/440 1599/2040/440
f 1649/2041/440 1650/2039/440 1599/2040/440
f 1649/2041/440 1599/2040/440 1600/2042/440
f 1649/2041/440 1600/2042/440 1601/2043/440
f 1648/2044/440 1649/2041/440 1601/2043/440
f 1648/2044/440 1601/2043/440 1602/2045/440
f 1647/2046/440 1648/2044/440 1602/2045/440
f 1647/2046/440 1602/2045/440 1603/2047/440
f 1646/2048/440 1647/2046/440 1603/2047/440
f 1646/2048/440 1603/2047/440 1604/2049/440
f 1645/2050/440 1646/2048/440 1604/2049/440
f 1645/2050/440 1604/2049/440 1605/2051/440
f 1644/2052/440 1645/2050/440 1605/2051/440
f 1644/2052/440 1605/2051/440 1606/2053/440
f 1623/2054/440 1624/2056/440 1625/2055/440
f 1644/2052/440 1606/2053/440 1607/2057/440
f 1622/2058/440 1623/2054/440 1625/2055/440
f 1643/2059/440 1644/2052/440 1607/2057/440
f 1621/2060/440 1622/2058/440 1625/2055/440
f 1643/2059/440 1607/2057/440 1608/2061/440
f 1620/2062/440 1621/2060/440 1625/2055/440
f 1619/2063/440 1620/2062/440 1625/2055/440
f 1643/2059/440 1608/2061/440 1609/2064/440
f 1618/2065/440 1619/2063/440 1625/2055/440
f 1642/2066/440 1643/2059/440 1609/2064/440
f 1617/2067/440 1618/2065/440 1625/2055/440
f 1642/2066/440 1609/2064/440 1610/2068/440
f 1616/2069/440 1617/2067/440 1625/2055/440
f 1615/2070/440 1616/2069/440 1625/2055/440
f 1642/2066/440 1610/2068/440 1611/2071/440
f 1614/2072/440 1615/2070/440 1625/2055/440
f 1613/2073/440 1614/2072/440 1625/2055/440
f 1642/2066/440 1611/2071/440 1612/2074/440
f 1612/2074/440 1613/2073/440 1625/2055/440
f 1642/2066/440 1612/2074/440 1625/2055/440
f 1641/2075/440 1642/2066/440 1625/2055/440
f 1641/2075/440 1625/2055/440 1626/2076/440
f 1640/2077/440 1641/2075/440 1626/2076/440
f 1640/2077/440 1626/2076/440 1627/2078/440
f 1640/2077/440 1627/2078/440 1628/2079/440
f 1640/2077/440 1628/2079/440 1629/2080/440
f 1639/2081/440 1640/2077/440 1629/2080/440
f 1639/2081/440 1629/2080/440 1630/2082/440
f 1639/2081/440 1630/2082/440 1631/2083/440
f 1639/2081/440 1631/2083/440 1632/2084/440
f 1638/2085/440 1639/2081/440 1632/2084/440
f 1638/2085/440 1632/2084/440 1633/2086/440
f 1638/2085/440 1633/2086/440 1634/2087/440
f 1638/2085/440 1634/2087/440 1635/2088/440
f 1637/2089/440 1638/2085/440 1635/2088/440
f 1637/2089/440 1635/2088/440 1636/2090/440
f 1700/2091/440 1701/2093/440 1727/2092/440
f 1727/2092/440 1701/2093/440 1675/2020/440
f 1727/2092/440 1675/2020/440 1676/2094/440
f 1727/2092/440 1676/2094/440 1677/2095/440
f 1727/2092/440 1677/2095/440 1678/2096/440
f 1727/2092/440 1678/2096/440 1679/2097/440
f 1727/2092/440 1679/2097/440 1680/2098/440
f 1727/2092/440 1680/2098/440 1726/2099/440
f 1726/2099/440 1680/2098/440 1725/2100/440
f 1725/2100/440 1680/2098/440 1681/2101/440
f 1700/2091/440 1727/2092/440 1728/2021/440
f 1724/2102/440 1725/2100/440 1681/2101/440
f 1723/2103/440 1724/2102/440 1681/2101/440
f 1722/2104/440 1723/2103/440 1681/2101/440
f 1722/2104/440 1681/2101/440 1682/2105/440
f 1721/2106/440 1722/2104/440 1682/2105/440
f 1720/2107/440 1721/2106/440 1682/2105/440
f 1720/2107/440 1682/2105/440 1683/2108/440
f 1719/2109/440 1720/2107/440 1683/2108/440
f 1719/2109/440 1683/2108/440 1684/2110/440
f 1718/2111/440 1719/2109/440 1684/2110/440
f 1717/2112/440 1718/2111/440 1684/2110/440
f 1717/2112/440 1684/2110/440 1685/2113/440
f 1716/2114/440 1717/2112/440 1685/2113/440
f 1716/2114/440 1685/2113/440 1686/2115/440
f 1715/2116/440 1716/2114/440 1686/2115/440
f 1715/2116/440 1686/2115/440 1687/2117/440
f 1714/2118/440 1715/2116/440 1687/2117/440
f 1713/2119/440 1714/2118/440 1687/2117/440
f 1713/2119/440 1687/2117/440 1688/2120/440
f 1712/2121/440 1713/2119/440 1688/2120/440
f 1712/2121/440 1688/2120/440 1689/2122/440
f 1711/2123/440 1712/2121/440 1689/2122/440
f 1710/2124/440 1711/2123/440 1689/2122/440
f 1710/2124/440 1689/2122/440 1690/2125/440
f 1709/2126/440 1710/2124/440 1690/2125/440
f 1709/2126/440 1690/2125/440 1691/2127/440
f 1708/2128/440 1709/2126/440 1691/2127/440
f 1707/2129/440 1708/2128/440 1691/2127/440
f 1707/2129/440 1691/2127/440 1692/2130/440
f 1706/2131/440 1707/2129/440 1692/2130/440
f 1706/2131/440 1692/2130/440 1693/2132/440
f 1705/2133/440 1706/2131/440 1693/2132/440
f 1704/2134/440 1705/2133/440 1693/2132/440
f 1704/2134/440 1693/2132/440 1694/2135/440
f 1703/2136/440 1704/2134/440 1694/2135/440
f 1702/2137/440 1703/2136/440 1694/2135/440
f 1700/2091/440 1728/2021/440 1702/2137/440
f 1700/2091/440 1702/2137/440 1694/2135/440
f 1700/2091/440 1694/2135/440 1695/2138/440
f 1700/2091/440 1695/2138/440 1696/2139/440
f 1700/2091/440 1696/2139/440 1697/2140/440
f 1700/2091/440 1697/2140/440 1698/2141/440
f 1700/2091/440 1698/2141/440 1699/2142/440
s 1
f 1730/2143/441 1732/2144/442 1731/2145/442 1729/2020/441
f 1732/2144/442 1734/2146/443 1733/2147/443 1731/2145/442
f 1734/2146/443 1736/2148/444 1735/2149/444 1733/2147/443
f 1736/2148/444 1738/2150/445 1737/2151/445 1735/2149/444
f 1738/2150/445 1740/2152/446 1739/2153/446 1737/2151/445
f 1740/2152/446 1742/2154/447 1741/2155/447 1739/2153/446
f 1742/2154/447 1744/2156/448 1743/2157/448 1741/2155/447
f 1744/2156/448 1746/2158/449 1745/2159/449 1743/2157/448
f 1746/2158/449 1748/2160/450 1747/2161/450 1745/2159/449
f 1748/2160/450 1750/2162/451 1749/2163/451 1747/2161/450
f 1750/2162/451 1752/2164/452 1751/2165/452 1749/2163/451
f 1752/2164/452 1754/2166/453 1753/2167/453 1751/2165/452
f 1754/2166/453 1756/2168/454 1755/2169/454 1753/2167/453
f 1756/2168/454 1758/2170/455 1757/2171/455 1755/2169/454
f 1758/2170/455 1760/2172/456 1759/2173/456 1757/2171/455
f 1760/2172/456 1762/2174/457 1761/2175/457 1759/2173/456
f 1762/2174/457 1764/2176/458 1763/2177/458 1761/2175/457
f 1764/2176/458 1766/2178/459 1765/2179/459 1763/2177/458
f 1766/2178/459 1768/2180/460 1767/2181/460 1765/2179/459
f 1768/2180/460 1770/2182/461 1769/2183/461 1767/2181/460
f 1770/2182/461 1772/2184/462 1771/2185/462 1769/2183/461
f 1772/2184/462 1774/2186/463 1773/2187/463 1771/2185/462
f 1774/2186/463 1776/2188/464 1775/2189/464 1773/2187/463
f 1776/2188/464 1778/2190/465 1777/2191/465 1775/2189/464
f 1780/2143/466 1782/2144/467 1781/2145/467 1779/2020/466
f 1782/2144/467 1784/2146/468 1783/2147/468 1781/2145/467
f 1784/2146/468 1786/2148/469 1785/2149/469 1783/2147/468
f 1786/2148/469 1788/2150/470 1787/2151/470 1785/2149/469
f 1788/2150/470 1790/2152/471 1789/2153/471 1787/2151/470
f 1790/2152/471 1792/2154/472 1791/2155/472 1789/2153/471
f 1792/2154/472 1794/2156/473 1793/2157/473 1791/2155/472
f 1794/2156/473 1796/2158/474 1795/2159/474 1793/2157/473
f 1796/2158/474 1798/2160/475 1797/2161/475 1795/2159/474
f 1798/2160/475 1800/2162/476 1799/2163/476 1797/2161/475
f 1800/2162/476 1802/2164/477 1801/2165/477 1799/2163/476
f 1802/2164/477 1804/2166/478 1803/2167/478 1801/2165/477
f 1804/2166/478 1806/2168/479 1805/2169/479 1803/2167/478
f 1806/2168/479 1808/2170/480 1807/2171/480 1805/2169/479
f 1808/2170/480 1810/2172/481 1809/2173/481 1807/2171/480
f 1810/2172/481 1812/2174/482 1811/2175/482 1809/2173/481
f 1812/2174/482 1814/2176/483 1813/2177/483 1811/2175/482
f 1814/2176/483 1816/2178/484 1815/2179/484 1813/2177/483
f 1816/2178/484 1818/2180/485 1817/2181/485 1815/2179/484
f 1818/2180/485 1820/2182/486 1819/2183/486 1817/2181/485
f 1820/2182/486 1822/2184/487 1821/2185/487 1819/2183/486
f 1822/2184/487 1824/2186/488 1823/2187/488 1821/2185/487
f 1824/2186/488 1826/2188/489 1825/2189/489 1823/2187/488
f 1826/2188/489 1828/2190/490 1827/2191/490 1825/2189/489
f 1830/2143/491 1832/2192/492 1831/2193/492 1829/2020/491
f 1832/2192/492 1834/2194/493 1833/2195/493 1831/2193/492
f 1834/2194/493 1836/2196/494 1835/2197/494 1833/2195/493
f 1836/2196/494 1838/2198/495 1837/2199/495 1835/2197/494
f 1838/2198/495 1840/2200/496 1839/2201/496 1837/2199/495
f 1840/2200/496 1842/2202/497 1841/2203/497 1839/2201/496
f 1842/2202/497 1844/2204/498 1843/2205/498 1841/2203/497
f 1844/2204/498 1846/2206/499 1845/2207/499 1843/2205/498
f 1846/2206/499 1848/2208/500 1847/2209/500 1845/2207/499
f 1848/2208/500 1850/2210/501 1849/2211/501 1847/2209/500
f 1850/2210/501 1852/2212/502 1851/2213/502 1849/2211/501
f 1852/2212/502 1854/2214/503 1853/2215/503 1851/2213/502
f 1854/2214/503 1856/2216/504 1855/2217/504 1853/2215/503
f 1856/2216/504 1858/2218/505 1857/2219/505 1855/2217/504
f 1858/2218/505 1860/2220/506 1859/2221/506 1857/2219/505
f 1860/2220/506 1862/2222/507 1861/2223/507 1859/2221/506
f 1862/2222/507 1864/2224/508 1863/2225/508 1861/2223/507
f 1864/2224/508 1866/2226/509 1865/2227/509 1863/2225/508
f 1866/2226/509 1868/2228/510 1867/2229/510 1865/2227/509
f 1868/2228/510 1870/2230/511 1869/2231/511 1867/2229/510
f 1870/2230/511 1872/2232/512 1871/2233/512 1869/2231/511
f 1872/2232/512 1874/2234/513 1873/2235/513 1871/2233/512
f 1874/2234/513 1876/2236/514 1875/2237/514 1873/2235/513
f 1876/2236/514 1878/2238/515 1877/2239/515 1875/2237/514
f 1878/2238/515 1880/2240/516 1879/2241/516 1877/2239/515
f 1880/2240/516 1882/2242/517 1881/2243/517 1879/2241/516
f 1882/2242/517 1884/2244/518 1883/2245/518 1881/2243/517
f 1884/2244/518 1886/2246/519 1885/2247/519 1883/2245/518
f 1886/2246/519 1888/2248/520 1887/2249/520 1885/2247/519
f 1888/2248/520 1890/2250/521 1889/2251/521 1887/2249/520
f 1890/2250/521 1892/2252/522 1891/2253/522 1889/2251/521
f 1892/2252/522 1894/2254/523 1893/2255/523 1891/2253/522
f 1894/2254/523 1896/2256/524 1895/2257/524 1893/2255/523
f 1896/2256/524 1898/2258/525 1897/2259/525 1895/2257/524
f 1898/2258/525 1900/2260/526 1899/2261/526 1897/2259/525
f 1900/2260/526 1902/2262/527 1901/2263/527 1899/2261/526
f 1902/2262/527 1904/2264/528 1903/2265/528 1901/2263/527
f 1904/2264/528 1906/2266/529 1905/2267/529 1903/2265/528
f 1906/2266/529 1908/2268/530 1907/2269/530 1905/2267/529
f 1908/2268/530 1910/2270/531 1909/2271/531 1907/2269/530
f 1910/2270/531 1912/2272/532 1911/2273/532 1909/2271/531
f 1912/2272/532 1914/2274/533 1913/2275/533 1911/2273/532
f 1914/2274/533 1916/2276/534 1915/2277/534 1913/2275/533
f 1916/2276/534 1918/2278/535 1917/2279/535 1915/2277/534
f 1918/2278/535 1920/2280/536 1919/2281/536 1917/2279/535
f 1920/2280/536 1922/2282/537 1921/2283/537 1919/2281/536
f 1924/2284/538 1926/2285/539 1925/2286/539 1923/2287/538
f 1926/2285/539 1928/2288/540 1927/2289/540 1925/2286/539
f 1928/2288/540 1930/2290/541 1929/2291/541 1927/2289/540
f 1930/2290/541 1932/2292/542 1931/2293/542 1929/2291/541
f 1932/2292/542 1934/2294/543 1933/2295/543 1931/2293/542
f 1934/2294/543 1936/2296/544 1935/2297/544 1933/2295/543
f 1936/2296/544 1938/2298/545 1937/2299/545 1935/2297/544
f 1938/2298/545 1940/2300/546 1939/2301/546 1937/2299/545
f 1940/2300/546 1942/2302/547 1941/2303/547 1939/2301/546
f 1942/2302/547 1944/2304/548 1943/2305/548 1941/2303/547
f 1944/2304/548 1946/2306/549 1945/2307/549 1943/2305/548
f 1946/2306/549 1948/2308/550 1947/2309/550 1945/2307/549
f 1948/2308/550 1950/2310/551 1949/2311/551 1947/2309/550
f 1950/2310/551 1952/2312/552 1951/2313/552 1949/2311/551
f 1952/2312/552 1954/2314/553 1953/2315/553 1951/2313/552
f 1954/2314/553 1956/2316/554 1955/2317/554 1953/2315/553
f 1956/2316/554 1958/2318/555 1957/2319/555 1955/2317/554
f 1958/2318/555 1960/2320/556 1959/2321/556 1957/2319/555
f 1960/2320/556 1962/2322/557 1961/2323/557 1959/2321/556
f 1962/2322/557 1964/2324/558 1963/2325/558 1961/2323/557
f 1964/2324/558 1966/2326/559 1965/2327/559 1963/2325/558
f 1966/2326/559 1968/2328/560 1967/2329/560 1965/2327/559
f 1968/2328/560 1970/2330/561 1969/2331/561 1967/2329/560
f 1970/2330/561 1972/2332/562 1971/2333/562 1969/2331/561
f 1972/2332/562 1974/2334/563 1973/2335/563 1971/2333/562
f 1974/2334/563 1976/2336/564 1975/2337/564 1973/2335/563
f 1976/2336/564 1978/2338/565 1977/2339/565 1975/2337/564
f 1978/2338/565 1980/2340/566 1979/2341/566 1977/2339/565
f 1980/2340/566 1982/2342/567 1981/2343/567 1979/2341/566
f 1982/2342/567 1984/2344/568 1983/2345/568 1981/2343/567
f 1984/2344/568 1986/2346/569 1985/2347/569 1983/2345/568
f 1986/2346/569 1988/2348/570 1987/2349/570 1985/2347/569
f 1988/2348/570 1990/2350/571 1989/2351/571 1987/2349/570
f 1990/2350/571 1992/2352/572 1991/2353/572 1989/2351/571
f 1992/2352/572 1994/2354/573 1993/2355/573 1991/2353/572
f 1994/2354/573 1996/2356/574 1995/2357/574 1993/2355/573
f 1996/2356/574 1998/2358/575 1997/2359/575 1995/2357/574
f 1998/2358/575 2000/2360/576 1999/2361/576 1997/2359/575
f 2000/2360/576 2002/2362/577 2001/2363/577 1999/2361/576
f 2002/2362/577 2004/2364/578 2003/2365/578 2001/2363/577
f 2004/2364/578 2006/2366/579 2005/2367/579 2003/2365/578
f 2006/2366/579 2008/2368/580 2007/2369/580 2005/2367/579
f 2008/2368/580 2010/2370/581 2009/2371/581 2007/2369/580
f 2010/2370/581 2012/2372/582 2011/2373/582 2009/2371/581
f 2012/2372/582 2014/2374/583 2013/2375/583 2011/2373/582
f 2014/2374/583 2016/2376/584 2015/2377/584 2013/2375/583
f 2037/2378/585 2042/2379/585 2044/2380/586 2039/2381/586
f 2039/2381/586 2044/2380/586 2043/2382/587 2040/2383/587
f 2040/2383/587 2043/2382/587 2041/2384/588 2038/2385/588
f 2045/2386/589 2050/2387/589 2052/2388/590 2047/2389/590
f 2047/2389/590 2052/2388/590 2051/2390/591 2048/2391/591
f 2048/2391/591 2051/2390/591 2049/2392/592 2046/2393/592
f 2019/2394/593 2024/2395/594 2021/2396/594 2018/2397/593
f 1778/2190/465 2020/2398/595 2017/2399/595 1777/2191/465
f 2023/2400/596 1730/2401/441 1729/2021/441 2022/2402/596
f 2027/2403/597 2032/2404/598 2029/2405/598 2026/2406/597
f 1828/2190/490 2028/2407/599 2025/2408/599 1827/2191/490
f 2031/2409/600 1780/2401/466 1779/2021/466 2030/2410/600
f 2035/2411/601 2042/2379/585 2037/2378/585 2034/2412/601
f 1922/2282/537 2036/2413/602 2033/2414/602 1921/2283/537
f 2041/2384/588 1924/2284/538 1923/2287/538 2038/2385/588
f 2049/2392/592 2056/2415/603 2053/2416/603 2046/2393/592
f 2016/2376/584 2050/2387/589 2045/2386/589 2015/2377/584
f 2055/2417/604 1830/2401/491 1829/2021/491 2054/2418/604
f 2069/2419/605 2058/2420/605 2060/2421/606 2071/2422/606
f 2071/2422/606 2060/2421/606 2059/2423/607 2072/2424/607
f 2072/2424/607 2059/2423/607 2057/2425/608 2070/2426/608
f 2065/2427/609 2062/2428/609 2064/2429/610 2067/2430/610
f 2067/2430/610 2064/2429/610 2063/2431/611 2068/2432/611
f 2068/2432/611 2063/2431/611 2061/2433/612 2066/2434/612
f 2085/2435/613 2074/2436/613 2076/2437/614 2087/2438/614
f 2087/2438/614 2076/2437/614 2075/2439/615 2088/2440/615
f 2088/2440/615 2075/2439/615 2073/2441/616 2086/2442/616
f 2081/2443/617 2078/2444/617 2080/2445/618 2083/2446/618
f 2083/2446/618 2080/2445/618 2079/2447/619 2084/2448/619
f 2084/2448/619 2079/2447/619 2077/2449/620 2082/2450/620
f 2101/2451/621 2090/2452/621 2092/2453/622 2103/2454/622
f 2103/2454/622 2092/2453/622 2091/2455/623 2104/2456/623
f 2104/2456/623 2091/2455/623 2089/2457/624 2102/2458/624
f 2097/2459/625 2094/2460/625 2096/2461/626 2099/2462/626
f 2099/2462/626 2096/2461/626 2095/2463/627 2100/2464/627
f 2100/2464/627 2095/2463/627 2093/2465/628 2098/2466/628
f 2117/2467/629 2106/2468/629 2108/2469/630 2119/2470/630
f 2119/2470/630 2108/2469/630 2107/2471/631 2120/2472/631
f 2120/2472/631 2107/2471/631 2105/2473/632 2118/2474/632
f 2113/2475/633 2110/2476/633 2112/2477/634 2115/2478/634
f 2115/2478/634 2112/2477/634 2111/2479/635 2116/2480/635
f 2116/2480/635 2111/2479/635 2109/2481/636 2114/2482/636
f 2133/2483/637 2122/2484/637 2124/2485/638 2135/2486/638
f 2135/2486/638 2124/2485/638 2123/2487/639 2136/2488/639
f 2136/2488/639 2123/2487/639 2121/2489/640 2134/2490/640
f 2129/2491/641 2126/2492/641 2128/2493/642 2131/2494/642
f 2131/2494/642 2128/2493/642 2127/2495/643 2132/2496/643
f 2132/2496/643 2127/2495/643 2125/2484/644 2130/2483/644
f 2149/2497/645 2138/2498/645 2140/2499/646 2151/2500/646
f 2151/2500/646 2140/2499/646 2139/2501/647 2152/2502/647
f 2152/2502/647 2139/2501/647 2137/2503/648 2150/2504/648
f 2145/2505/649 2142/2506/649 2144/2507/650 2147/2508/650
f 2147/2508/650 2144/2507/650 2143/2509/651 2148/2510/651
f 2148/2510/651 2143/2509/651 2141/2511/652 2146/2512/652
f 2017/2399/595 2020/2398/595 2070/2426/608 2057/2425/608
f 2058/2420/605 2069/2419/605 2066/2434/612 2061/2433/612
f 2062/2428/609 2065/2427/609 2019/2394/593 2018/2397/593
f 2021/2396/594 2024/2395/594 2086/2442/616 2073/2441/616
f 2074/2436/613 2085/2435/613 2082/2450/620 2077/2449/620
f 2078/2444/617 2081/2443/617 2023/2400/596 2022/2402/596
f 2025/2408/599 2028/2407/599 2102/2458/624 2089/2457/624
f 2090/2452/621 2101/2451/621 2098/2466/628 2093/2465/628
f 2094/2460/625 2097/2459/625 2027/2403/597 2026/2406/597
f 2029/2405/598 2032/2404/598 2118/2474/632 2105/2473/632
f 2106/2468/629 2117/2467/629 2114/2482/636 2109/2481/636
f 2110/2476/633 2113/2475/633 2031/2409/600 2030/2410/600
f 2033/2414/602 2036/2413/602 2134/2490/640 2121/2489/640
f 2122/2484/637 2133/2483/637 2130/2483/644 2125/2484/644
f 2126/2492/641 2129/2491/641 2035/2411/601 2034/2412/601
f 2053/2416/603 2056/2415/603 2150/2504/648 2137/2503/648
f 2138/2498/645 2149/2497/645 2146/2512/652 2141/2511/652
f 2142/2506/649 2145/2505/649 2055/2417/604 2054/2418/604
